latitude,longitude,NO2
27.065694779342863,75.73771603896512,83.48999799583066
27.022049012403734,75.94983142942267,20.69712560599131
27.071238368359804,75.60975817576099,17.259121704569065
27.084394294304577,75.63221992371928,113.70602430094
26.829370969747632,75.81387285248802,25.183496944074903
26.934395150016897,75.64285550724748,101.066319435126
26.867715426056712,75.8197260141496,105.8097903193133
26.829172075365584,75.99335895887408,109.21383766107617
27.02398602029915,75.7870985006955,116.6256017860967
26.95427750522866,75.92841773476364,17.35310786492984
26.899187336498173,75.61118962579708,95.89205817905581
26.924887415654265,75.60888422542862,97.56228596727941
26.893724347506446,75.81469428091094,54.20063600011143
26.916700225693937,75.66270961573507,23.119212118810168
26.865837787467406,75.92674448061275,101.81776815831113
26.95341175779732,75.7880764254552,22.534197113663787
27.055511954001656,75.81618790693267,40.35347468269731
26.933763842908768,75.62604651444204,99.31452292325984
27.096801953909324,75.68355451407892,58.169488504604324
27.039851316905207,75.62826081407951,114.10840081898009
26.85221052103737,75.99629453004657,39.967945710640336
27.025042416166112,75.72825779359215,43.31515989789247
26.9594569299959,75.60627013350509,84.15244818142347
26.9859169011719,75.7181370880507,53.52954258235115
26.856043430770587,75.75387506725501,66.13890364864625
27.071848120854504,75.9932891422075,110.57242789629325
26.93796345989987,75.81600014879051,103.26668207251564
26.98385137088293,75.6252559784667,60.21405247252159
27.03884857222346,75.75855303961269,44.3050499201529
27.057525912737805,75.6528976610667,15.155842988479986
26.865282965110985,75.9619152223935,53.56692541151924
27.047969419253885,75.95974437667704,64.21068118101115
26.8120685647868,75.68411629285137,32.57766372194091
26.986240767878936,75.70125845750817,27.80901534742989
26.830970237677374,75.79734970301818,81.934970579008
26.96564627959793,75.67006677300898,21.21963287926213
26.806466059755223,75.81975577975507,31.22249597278555
27.00594903459895,75.65274706270651,91.62624765159481
27.09196704135493,75.89419642469797,49.097598571669835
27.065358623043245,75.82239300298443,98.9050723936418
26.911814971871063,75.8124510349689,46.31530094903097
26.82994266201782,75.78942765323185,102.75872183873089
26.813109663845772,75.81892393603762,75.1028466064578
26.878770671898174,75.87021517110041,112.98220905218655
27.089843821781752,75.71603159133271,87.77048503165125
26.99521534624537,75.87854574827205,66.24599671022358
26.87083348759774,75.9853946317574,40.84799044105418
26.84890448826738,75.7494908908876,114.82502196010275
27.000975568165995,75.90805237757597,89.96301003725272
26.823737640885263,75.77954924375402,73.1319161789458
27.064321198193582,75.96988818701212,113.36698291374115
27.09539231173061,75.8523036133012,82.12340933071664
26.959690999655994,75.88622467455251,79.0366698576437
26.968121827305545,75.95642343441205,54.42006534007249
26.94501793048859,75.66249362405833,51.722312227101106
26.911027647691053,75.95554755176737,31.04819049296826
26.95749061208016,75.70360470112101,110.63519640715937
27.095585446336376,75.72692639674383,99.72117979843647
26.852350819051157,75.6081605355076,74.60219447275077
26.88294773479742,75.72043641599068,81.94466913906464
27.085781181349706,75.63117604441696,88.46763818839966
26.812545629700907,75.63287111532844,56.05520272526807
27.018937250669307,75.88813018182074,50.62351724439986
27.002419244340395,75.84672403804089,61.15393899181683
26.930947196536177,75.88426867201147,106.31195869424381
26.89770556819565,75.65752861447918,58.000932306698694
27.07808468148327,75.84164210805773,90.32887157449498
26.97185484701154,75.65574934185678,93.71484307144556
26.829199418464103,75.69409399718744,115.22556869087668
26.974763447239365,75.99627109282312,37.3991593923409
27.062128102912855,75.78561959731154,76.34192699007362
26.93227997473906,75.66635774023844,108.69588520826517
26.821971237934118,75.61806928808166,108.06262603980929
26.820113662927263,75.96129867073002,54.15106438981931
27.047272046105423,75.70908169448978,118.04388767511153
26.875709139102693,75.7506327403352,116.90369083245146
27.08416546691231,75.7925189503914,98.13669294641335
26.82026134247451,75.62848966326624,95.73381905204776
26.955427428806384,75.76710493092129,101.15416798206616
26.963993848740053,75.92431185576477,112.66911759482488
26.9486809927828,75.65798611975686,103.78193472325071
26.842536272898343,75.70537165417899,118.43340153123276
26.835244245379346,75.6714388686108,63.84459510935932
26.816353409352068,75.92268584494884,74.33407902816273
26.935832364937262,75.79892698914007,94.99750977806374
26.932243345478593,75.79775428452845,87.81333189686165
27.091996980667187,75.99209809292881,106.64297415187231
27.04289011742911,75.61077446672508,44.87977336937027
27.079019012741174,75.75760604503766,21.356487044565235
26.902506008358145,75.69810116735925,34.15927867761194
26.826462880847995,75.91374091306946,114.90172467183511
26.988390303430005,75.85850801532224,73.12739969717337
26.983840479737857,75.95879757063379,29.72957068262162
26.925287932545817,75.85311639369898,32.040343588849126
26.813495812837687,75.83085040380402,103.30960730424432
26.989252786670388,75.61253583193489,33.28419781453069
26.836164198780835,75.84714701497238,43.47741591546913
27.08721065781595,75.60805638842776,96.24790994615643
26.850641489262685,75.80080949487532,118.60093638587192
26.991085245438704,75.94736451986185,66.01725783773881
26.98756936142962,75.72002341457626,78.43217644049275
26.922109837577942,75.75043365751321,47.64973761526444
26.952106967591188,75.61259544832556,49.18848889874108
27.045986593439217,75.75370825326438,82.23797575115334
26.837188670564416,75.6421750364005,22.906511086204805
26.99685261581117,75.76199031939716,89.25691889184937
26.99441232486091,75.89678227387819,30.130658868996413
26.80296071983698,75.8466233933181,97.41201631916542
26.876906462995624,75.93428562140582,75.39869068329001
27.088660238902275,75.7304253347318,90.23832717656406
27.080763392919405,75.7707414165565,111.31232947994638
26.878413588625975,75.66345089909403,112.17619919341732
26.991672481845153,75.61538626506434,88.39581246360859
26.820037309397552,75.95480759933487,20.093926867144745
26.859676723951658,75.61385950307796,119.06481270644717
26.93514868822275,75.80589763880306,40.526692346375654
27.047114090861758,75.7651875707334,29.65084780406211
27.02562337110368,75.60927104938723,17.430682388653782
27.079199148412766,75.82546457361248,47.41567562136107
27.0019984126745,75.90362846447167,58.878857543339635
26.921198837892828,75.6868667709025,18.040519810818907
26.805698576934486,75.79302346969502,56.77820260938945
26.81715765316918,75.94812078268052,59.76932721644812
27.07726872722468,75.6202389229973,18.691886925455016
26.963686782550194,75.95514774402554,63.76425409050637
27.06299866654489,75.62960559829516,47.154455968535125
26.860261118544138,75.84627082394277,32.20289219634189
26.877728583126334,75.63609602710433,33.131684072690916
26.90457702746642,75.62335728499819,108.47295400419908
27.065741000601346,75.91881928331652,93.04628243467306
27.032917374071154,75.68449796871653,76.35389810080693
27.017225134201308,75.83743121567117,96.9669727166696
26.881195430909422,75.82129254705423,43.2599255080861
27.039032092429597,75.85258373160322,76.7769880116978
26.994437139393455,75.80007180726776,62.3152669014954
27.02108890889699,75.61631059276253,47.79591421948871
26.936167607162385,75.93641481744191,84.71140597296926
27.014740873884573,75.8124225385543,118.84563742369718
26.96660417032679,75.76833530804042,43.07364731609523
27.052258040737936,75.7210809396572,84.24319147285843
27.02735543153207,75.95021423226909,19.86079062476417
26.873986750625782,75.7465862009779,86.8373256123407
26.81731891113137,75.62604262554252,32.414243225559304
26.803549273949155,75.8057674569193,104.7161618343025
26.80029829871613,75.99581450153153,90.32861602405157
27.051619997432756,75.94175840641653,60.59015702672323
27.09332868474129,75.66681378689046,20.311946164856383
26.842310983737768,75.65326814982369,96.23892750722592
27.02411753668882,75.72315259972622,37.87117966772726
27.02139768622892,75.7326486458348,53.89528643048177
26.953588851805286,75.87734997100092,54.93448918517056
26.877369878556006,75.77718588133669,48.96798960690503
26.94764228034409,75.6218938179749,119.21401780162326
26.833087634507116,75.6022469773745,87.63042787301588
26.915460031731612,75.92421223009579,83.53596673577628
26.91507072380862,75.85291775417512,31.985182389767907
26.981248614566212,75.8744351593787,60.00403698775971
27.029401789541105,75.76697529452073,17.694568300049486
26.882172385723578,75.91045000823927,41.08649298066783
27.057984426204186,75.902383378015,51.630874243730624
27.05618572337543,75.76406655013959,68.31986459583567
26.89415693876723,75.73305481550784,69.89432192612466
26.9648105597789,75.7276788326581,65.25748232694242
26.921800325139348,75.88123453135857,107.1849367096541
26.85118852187265,75.6419725466414,85.2128156394676
27.051249373572805,75.84491519397514,79.3823490415021
26.84929018737574,75.95344283857933,108.4169376077156
26.933266253999296,75.98612770507513,115.88284292965314
27.014521918590482,75.77584723168505,79.50393805762702
26.96513358023002,75.97851651201742,32.69692158509045
26.940046289072303,75.86582347394679,73.22378769760164
27.055934102287885,75.87140581230044,50.02259543847508
27.09340028533029,75.89759248315488,62.84906022857325
26.926057872847966,75.72074986461416,67.30676685813415
27.017904511489714,75.74469359674025,78.67910396801113
26.950718474345607,75.77805552980733,106.95627452101265
27.03019176115518,75.91474160731012,85.75770274623866
27.068956596032205,75.82608580166857,41.911445029026524
26.912745448219606,75.93858006319269,80.86293259205073
26.8186306492878,75.7428924907971,80.469395758316
26.917468426618402,75.95805615605418,39.3020287806193
26.931377788192407,75.61124221984541,119.97436008975575
27.022613952853956,75.86592723606908,42.163830280086174
27.084731011712282,75.7165614055332,21.08131993462139
26.964534038975092,75.90496601151183,64.31852809686993
26.804715572031586,75.77611954011591,84.54402587573476
26.985245387576096,75.98370476525947,21.22653090429927
26.877485201420622,75.95368234917076,84.57061537114843
26.9879711106196,75.6867883851857,79.32276097492885
26.960746889276077,75.82183105949086,107.26685572252474
27.039356284650854,75.86262619737347,92.51982007622514
26.86673431562037,75.82702842197148,71.00243017580075
26.982338670724452,75.61211608682031,58.01769709378888
26.81136381471493,75.97130490256465,26.64975690678731
26.95306352728836,75.8502743799379,48.353117858448904
26.832908439271947,75.83960884550599,82.8753487723861
27.08216397917286,75.71991646405827,56.599826981714365
26.832038439481565,75.70694502530203,58.957044882210546
26.816188696167284,75.6347309544528,86.81410433041684
26.90322624465073,75.84094645348537,91.80141010265099
27.01189162242724,75.90709953985875,57.98484568438785
26.866692186801668,75.88081536445043,96.63475662722303
26.93876065012809,75.97701913700354,103.75156588346934
26.9155596149708,75.9135273493012,31.051822977805134
26.928977989335355,75.76426612852747,39.43120237884119
26.845632805212304,75.61469032664289,107.33344686592042
27.004433783913022,75.75146354959642,82.76210623886952
26.951255357982035,75.8494231698325,55.603452116619096
26.95605522734813,75.606827858846,20.757191652330174
26.958313513659792,75.8804861472657,116.7235850007686
26.99412851748399,75.87276241278965,36.610765581443566
27.045474619839403,75.96793151888338,39.953915155097754
26.809591568001057,75.83764118235776,51.27672852988517
26.94176344173183,75.701004168686,117.12867112526857
27.034560417111564,75.89723521500628,103.26697104232122
26.811309219618074,75.60076285741381,34.019521325957
27.046574200340828,75.73115616306818,99.916530139751
27.078879584896633,75.98345615888617,49.74238226739325
26.935879712043846,75.91225742391336,53.978722467845635
26.966093280373894,75.80072823588749,80.76626755133323
27.048768532797062,75.66959040980882,96.28079560858185
26.8858673024718,75.8048208696723,88.62943172289437
27.06864388292979,75.63748974474443,96.61475905911297
26.850573446002368,75.93810915252362,17.421931997109063
27.063372139558986,75.68100968830703,22.40994445048734
26.972519237500773,75.7725517259204,83.83537889884123
27.008344278346396,75.78747641594671,87.6526138527555
27.062766929863024,75.97782008760568,114.87323514797386
27.057702432192496,75.85387207889607,118.55807341842282
26.826368944590367,75.94411958695545,118.22101370649837
26.976899554288977,75.7663321555313,54.95687352487693
26.94681209831818,75.6455493271096,87.29128653138223
26.904485182293627,75.64276205051192,28.417800092905267
26.84289160869143,75.9551032691139,114.51682544262529
27.014175902661997,75.86992766879665,98.95214002456525
26.982167985290776,75.7839488772508,56.59673488416291
26.917150012565788,75.78923722108107,113.46098084236455
27.09044401647277,75.85139350071711,75.42155468983606
26.940767201123684,75.96179171723561,93.99756933144867
26.827510901916483,75.72005189807423,59.85605409259141
26.928318783328972,75.89497906113255,72.02213883399776
27.037389902411082,75.76166513414921,105.71878817472303
26.916045313159113,75.87645896829969,112.4184587367064
26.913273316875124,75.65231333817806,44.135758506098014
26.940020311492884,75.96566049340748,93.91809428377752
27.099049854133035,75.7631247678143,61.39973553707985
26.802305320026317,75.73662874057354,26.743463351465294
27.020703311465848,75.8624407123316,17.3421963951848
26.965594113177943,75.86264669555013,104.75299942414082
27.034549827469178,75.72655898972401,78.93992759222422
26.891023984525354,75.60476161785617,107.06397116492644
26.86402217915944,75.72126500487163,68.96540191472485
26.93268351642466,75.78421854148624,80.02149588895293
26.995502715378223,75.68684141233824,60.74108284521646
27.073308529656774,75.71507094253572,27.885917486398494
27.05638761421312,75.68891556868638,27.274361814748396
26.83649922648103,75.8698483412531,75.26941845772919
26.812950876963885,75.76832972985443,92.0422120868793
26.86664007689952,75.91052913790885,71.56592091515408
27.04921541270709,75.80625186531498,49.03872995194994
26.997009824613656,75.85540697391612,35.897609312252584
26.99272467019414,75.7803382773627,27.336642721735757
26.96363300625288,75.94486498811776,66.18394188621119
26.94151841734112,75.9398414818642,58.13569006208128
26.986816814226145,75.73050070272568,52.52166262418168
26.994736667047654,75.89519072453216,90.78270407925145
27.040711902371175,75.61152994637052,106.22247183539044
27.012328966901705,75.83116137179894,79.30561222066954
27.022647487452137,75.91399424084241,97.74542294109541
27.015426191333283,75.79846201256117,62.90663736837015
26.924261191591796,75.73656474265415,64.92190517585982
26.98364048566003,75.77665831821919,69.19862011315941
26.976532718214667,75.66502985629306,25.80079724038368
27.034450942295848,75.60860770323814,71.36038877012007
26.99492692928151,75.83512965586509,40.6581556829842
26.98181810754747,75.60695561388572,112.11824285117768
26.91625881851251,75.7593630528848,55.48221511891942
26.945467576295737,75.93378192797164,80.59157997725326
26.878226829315746,75.79550004839382,94.62564194892288
26.92820056103715,75.8731579454492,63.22188511150021
26.913295553761152,75.6387569649679,102.91927821089038
27.097624757356243,75.61244849848795,50.44032222273446
26.88440207488736,75.7794092074087,118.40118115456882
27.070531568102382,75.78532783966514,81.55568929934553
26.949615558119696,75.86919627598645,100.52672173168257
26.903888671598352,75.88517578652083,30.76893251733271
27.066195460208707,75.63423125537422,40.42026654380066
27.097216560861437,75.76930841964189,79.8631554902006
26.881511173589075,75.66737825652862,90.60049284731107
26.919036314655166,75.83669780903546,85.61694523657563
27.032033873721872,75.6392702209146,55.707072075368046
26.950045593759434,75.67614904616175,117.01492080839425
27.051148813896944,75.80004636332708,47.58141509307947
27.032823374386897,75.66120149597145,96.81284331457763
27.032196554729026,75.6107822413582,98.31720292623957
26.85349517126727,75.8707633402732,45.103498409849266
26.938949767375654,75.73757735493265,66.48868493745852
26.97826563111348,75.72645390876633,75.27412479622433
26.88176613150689,75.90608327361987,117.29705652142154
26.907726123087915,75.93566150896713,85.2065241185063
