date,temperature,humidity,wind_speed,rainfall
2022-01-01,30.23762137282155,34.24109667568645,2.8148189825663876,18.874145706272365
2022-01-02,37.8462665734459,25.205739104589114,5.699494512914069,8.605260548272316
2022-01-03,22.488710013480095,49.94263808157352,5.520431778840078,5.041329239281018
2022-01-04,36.886623579017225,33.39364149825441,6.7697804575929705,7.345723132233468
2022-01-05,12.726015996587996,32.71177929741434,9.52680932677112,11.620341258794507
2022-01-06,31.3322991477867,65.49978337441695,8.07904740113775,16.115954551441153
2022-01-07,33.563693043960726,74.00423006633193,5.633859026384775,18.684564293860873
2022-01-08,31.05409468928475,80.99135972777808,11.641794702754837,19.870003865110796
2022-01-09,15.04984735563669,70.42422359147537,2.0843472247292874,13.82997474007138
2022-01-10,12.521719908302288,86.20258726671379,2.7326632630089978,10.282210938282033
2022-01-11,14.721554236613432,75.97989290388873,6.407735707506786,10.568388007438243
2022-01-12,28.470010172168852,78.93094226515953,2.4503462580044957,10.033731559827388
2022-01-13,15.620163120191002,21.926779463979877,0.8140872185257624,5.263374184332488
2022-01-14,16.688815433710978,76.20486184455473,7.454173851359073,0.39156414385008276
2022-01-15,27.85314637874067,86.52167409314842,6.668892375652429,3.4424509864672226
2022-01-16,26.54116386019003,68.82738171323967,8.223485921192331,14.504767749655965
2022-01-17,22.52448190447774,56.32169102176718,1.2934351107540227,5.591509553165103
2022-01-18,15.653474784804526,59.096288273666545,2.784036103597988,6.716646139416627
2022-01-19,19.47467713793659,57.06661854369724,1.8088879542483254,6.082369505840126
2022-01-20,29.54492302920597,87.81485349924588,2.5466633277056028,16.442703391554442
2022-01-21,17.282510609342665,42.821309910033406,7.705198733408213,11.020625422759828
2022-01-22,12.421042379028918,35.6942374942753,5.232272642885896,1.5437053228967113
2022-01-23,18.015471713793392,39.60107756395007,9.346956390989885,4.053114530257364
2022-01-24,25.890271747547672,80.24197018279807,5.915052911109502,4.260126253581702
2022-01-25,40.08528189238176,41.13053111619709,4.362231644313016,1.4283012866068767
2022-01-26,33.04267271293716,65.38742667663948,2.1916354399109137,15.889388536716346
2022-01-27,37.047427579083966,41.13434083302013,0.8218718158590079,17.269524160346478
2022-01-28,25.515157590998452,52.03841338508935,7.11310916753601,13.10602577988968
2022-01-29,27.728240562393893,57.396168696687205,9.963052292848708,18.888752408560503
2022-01-30,24.912093031937825,38.82356808340134,1.3097015475956866,4.638165770610627
2022-01-31,25.728773165138257,71.12596938836495,4.775267507514542,16.136426109598794
2022-02-01,28.791229060545817,57.17956469079745,11.852935540876123,6.198557356109838
2022-02-02,33.713163536102606,78.72249438531415,1.3267979942191408,17.796294348226194
2022-02-03,13.558421863002273,22.936952524951153,6.321815526379903,8.038817848265227
2022-02-04,31.005863274822488,65.6992150232021,4.500940143672289,12.896801065696552
2022-02-05,10.571027380527728,75.75245893265584,3.4209455792139725,3.690874891650482
2022-02-06,27.26513906698352,61.898535415221914,1.8974489304664233,6.669460162156726
2022-02-07,40.096140434566394,51.13118181655608,4.435951356351385,10.339963700500288
2022-02-08,29.470724861145605,51.430080528057914,9.507530213221449,12.982042756725026
2022-02-09,31.98825158473137,45.384332951395805,10.169217885807965,4.830745286227529
2022-02-10,26.121817658835006,85.32969329905936,2.9859585035141847,6.950748499359207
2022-02-11,18.240212093059963,46.35001558675733,6.482053448442707,18.326040514968597
2022-02-12,32.67518413134094,53.80166029747839,11.374701380867972,18.712228751865908
2022-02-13,21.23767201712673,21.209619054286737,4.896011312449054,13.993145243743903
2022-02-14,24.433580892534284,20.272572232428846,4.451981478472004,14.756747859685039
2022-02-15,21.60424270609963,66.40327297999225,11.336711883601149,6.741459091098953
2022-02-16,17.360858634392166,66.38722037961404,7.649041338476688,19.143378005050668
2022-02-17,34.96297984592596,77.77951716176267,11.666337511145521,19.000365073387965
2022-02-18,26.789072436007256,34.58918368911411,10.603538363066425,10.17966324996805
2022-02-19,30.722875701505824,47.88835893498571,3.841898017825589,16.908307348604275
2022-02-20,17.849802573040304,39.627064722099824,4.06115175845113,1.0537873490369631
2022-02-21,27.039708916081903,64.58868956964037,8.026201067810302,0.17568226406052379
2022-02-22,39.74023637861124,86.61171585273004,4.913186421172228,16.060377763467795
2022-02-23,27.254164700592664,64.39855954778179,11.684209808382239,1.9308096390085816
2022-02-24,21.283977330290167,86.77440506396285,11.474503477206616,11.960465615194009
2022-02-25,41.82010105988999,80.97186263877828,1.4592481645796775,11.05321742151476
2022-02-26,30.466283600715578,69.99343686545285,4.549361345992148,1.8831869179435623
2022-02-27,40.73257686213405,80.18253374148838,7.833521923144226,6.567086152435961
2022-02-28,12.985574229941385,66.70832223932982,9.503189219268315,19.993747267711008
2022-03-01,11.706480772655155,51.03402877055581,9.886105580649799,17.913564514250044
2022-03-02,21.4544650678033,64.82359168690097,8.95362964045623,17.921174414066492
2022-03-03,41.930896333646515,57.251600578245785,11.188935556334087,15.80168760550172
2022-03-04,22.692711087776257,62.953843859002674,10.166561202509996,10.836211165980501
2022-03-05,39.33260741924383,80.32011312061141,10.358385866080557,4.465518295751623
2022-03-06,35.23495507406811,23.4599377403718,6.645813785161517,19.082674911786295
2022-03-07,38.74198025990388,33.978099833657694,8.110466260774396,2.0057315029795952
2022-03-08,11.9919352239603,46.41537200874846,5.966070268806746,14.747922495748284
2022-03-09,41.97753425403475,23.79749583800119,10.411885118168648,19.309171973227862
2022-03-10,20.456515773319865,35.62866745238753,0.6957635625959777,9.053457799270252
2022-03-11,37.03189993935613,83.24361924869513,10.436381867005533,14.524229276938943
2022-03-12,11.517141005486938,56.18621562433936,9.038945655224598,16.472118212658057
2022-03-13,17.64144901296747,80.92571816357592,0.9944509342048378,7.323376614173453
2022-03-14,27.592673505649294,38.273731095536505,2.7628912447198606,16.61739692222924
2022-03-15,30.79131374236539,41.75411292880495,1.8613932007932632,18.1895223040667
2022-03-16,35.496068171517344,21.834886353315703,9.318751170886497,19.389744257995922
2022-03-17,41.599148244434986,77.69002803494047,11.450042783193524,4.595810270834559
2022-03-18,38.35175647325366,83.98995304325103,8.767286563338903,10.084520282937326
2022-03-19,25.760005183429815,33.00017328229133,2.161509335837233,14.298412351955568
2022-03-20,11.940899049882521,52.550091708431026,6.417371103867886,19.464256059923557
2022-03-21,40.60079783226638,56.491384135480814,10.259209391733261,19.459878445046076
2022-03-22,41.85360485031289,53.97820907156783,3.882539649058581,8.90927390037085
2022-03-23,12.11003588390098,38.33659780757789,8.148912237267545,14.889831746752586
2022-03-24,35.94735211174481,40.851311326972564,8.378631246413326,8.656222147225241
2022-03-25,41.87489709525683,23.709360686926168,7.132423029407507,12.504044809967441
2022-03-26,19.43622060848065,82.20444445916263,3.943302529716863,1.202048353651699
2022-03-27,28.203258583722242,37.46533642985497,3.052401525241185,16.251510383630222
2022-03-28,19.12624143356863,75.10279955520319,5.971902424853549,15.51191983062646
2022-03-29,11.300237532534066,37.94548844538763,11.64553515770381,9.752632312807926
2022-03-30,40.0567653372676,83.1747200813752,8.593002336639346,8.049744123398842
2022-03-31,39.78564768630203,71.94756740387773,3.3893622057615076,11.40367249884848
2022-04-01,41.08451649362992,38.2829050786825,1.7254606457971746,5.1549335157971505
2022-04-02,18.640256134674765,76.91630112382643,3.03812158737878,2.1214036618454735
2022-04-03,29.994044081488862,87.19207563866834,11.676192397303314,2.0801748204422488
2022-04-04,27.209841556542436,30.82434632017046,2.600212857438414,19.944249789025946
2022-04-05,33.43674177265711,61.36324141026455,11.86300186321727,8.428799433281062
2022-04-06,33.83968115880111,84.78764802221164,8.9651350275915,8.08923529249734
2022-04-07,29.94317071509995,42.41940178774635,8.688176490899687,0.8656053640990202
2022-04-08,38.34404528718905,87.30162595430176,9.24591753889475,4.237075550625753
2022-04-09,21.188114945299606,81.54778932455592,11.930905697111124,1.8684923394113695
2022-04-10,21.121805933977633,84.31757477795098,1.4502077131058566,10.893405564903452
2022-04-11,30.023680893799366,20.01858753290763,5.928171241052648,11.96998735733851
2022-04-12,30.824229142415785,86.34186226545512,1.573418944161872,11.889334108287011
2022-04-13,39.85951866531536,70.79737844317953,7.592064059721874,9.304391971381152
2022-04-14,10.489284744011716,55.6395790794878,9.083748269490682,0.3099416963652235
2022-04-15,22.764838564726674,71.49815822076344,11.329761289249376,14.083814913148986
2022-04-16,23.539322824470393,75.04397126330915,11.494541432047898,16.664223822231236
2022-04-17,31.429761583963955,58.35512794259209,1.2919528296926281,14.271435426425658
2022-04-18,28.601366437224097,71.43264593466051,6.336564534497898,1.867796233320842
2022-04-19,23.597975518462995,87.78288958821243,9.254643231517834,3.907156725134515
2022-04-20,31.325055443949772,86.79946102525585,6.591954726783466,18.80786056350057
2022-04-21,33.75590689659471,58.365237110919,4.450186925768575,5.582089220541038
2022-04-22,23.53154656621393,85.9047981111636,6.46868717136772,5.959796131398081
2022-04-23,18.645961232377406,78.52655801726232,8.43387623981147,17.999328602371616
2022-04-24,21.185335043496135,34.17692771662826,6.460062930636718,7.880746705179047
2022-04-25,18.008251013837533,48.15619949406269,1.0970024346261071,3.319639760648867
2022-04-26,26.077489628722937,29.85065782069444,3.8039482989438085,2.7635423338526754
2022-04-27,38.703651025855095,21.208162170332354,1.7912236537134048,8.393155479622967
2022-04-28,16.865362760791086,41.853779853692004,10.439190870571002,10.449610469954091
2022-04-29,41.46269752671189,51.94617153221589,9.08999721542965,12.962623517351
2022-04-30,21.0171476995482,68.27647237467201,11.683806686909184,0.8079865996960911
2022-05-01,22.18869384012138,60.55484492645705,11.696827758687165,1.889611168815697
2022-05-02,39.151022976520835,76.57689162143791,11.76679736302295,16.603417920470097
2022-05-03,24.610141784139785,84.7357377676898,10.629828771771395,16.896200125298723
2022-05-04,30.72835535202648,39.9969304885283,9.947950682699823,6.892416352154491
2022-05-05,10.515601576516904,81.32874432749279,1.4383094332745796,6.8500718959980045
2022-05-06,24.224900076521532,32.64772919567683,6.897899942481498,11.371224008420292
2022-05-07,23.8759418766424,65.04955317772126,11.23143008394901,18.167278734763205
2022-05-08,36.9749190070952,38.77079533045294,7.435478782561839,13.975918079876905
2022-05-09,39.17182921662774,37.9040055735078,8.330880283445206,19.638304038629947
2022-05-10,27.37595900252436,42.7493170319675,0.6348298600925608,3.1136415992176736
2022-05-11,20.616759820102626,49.918195068678415,1.8011924861843425,18.498623186069175
2022-05-12,30.201397575911717,28.220145557313018,5.092579556538158,6.575965981124354
2022-05-13,12.277999101072112,58.7078080066867,9.127719486031149,9.507292666386897
2022-05-14,17.430483694679804,71.464047407968,9.211146802885969,3.18643150879939
2022-05-15,23.662997260162687,49.042602410904976,5.548607405610002,12.609137592236213
2022-05-16,18.45530805900124,42.49951415649985,5.554393025893958,11.473249940299413
2022-05-17,30.703315225110213,26.988420487916766,9.51693408865189,10.464517835575426
2022-05-18,10.968595539149444,55.02230203123139,11.45417634940101,3.495668713892952
2022-05-19,14.321673057843427,46.36260525045087,3.731795368724568,12.97614856842182
2022-05-20,39.035393533076515,71.05278827211927,2.509877386061864,2.4849706940956406
2022-05-21,30.989863143656798,66.45971263045743,1.2822834872392508,8.750384727312197
2022-05-22,28.951210419491485,85.18409999769759,10.760114640925075,10.384323943620702
2022-05-23,11.329370940915403,36.122271473228935,2.790730364338161,19.608404005296602
2022-05-24,32.356926188574604,72.85652557865708,5.3565040984288155,8.037810890704122
2022-05-25,26.12704357729447,44.658623817800844,4.374483453162464,7.37890799566562
2022-05-26,11.028887702096366,82.59351955326666,6.957803228465771,0.7555899024902968
2022-05-27,11.767253441874512,65.34297759904103,1.5794106384410216,4.6887530781985465
2022-05-28,38.1018102676975,59.186942402021536,11.470492374530012,19.064060680656503
2022-05-29,28.94199790758389,21.542545016066846,4.594359152312599,13.461128291511367
2022-05-30,18.142680161129284,52.85449220629743,9.29324620506559,13.987984398845729
2022-05-31,39.14766734208622,21.849402666607347,2.5042336628677595,2.8553971003360834
2022-06-01,15.848484849735414,50.266146342362134,1.6119889794542894,8.371771077284329
2022-06-02,36.82871929278042,49.78765434807701,6.652679355678506,7.794600555421056
2022-06-03,31.25359984368942,87.41767833368313,0.8698774103351647,12.57942196728569
2022-06-04,40.807883517784546,48.59845840340661,3.266780097023545,16.135932701772035
2022-06-05,16.337541542388642,84.04260681289969,2.6373851141759976,17.424362804306426
2022-06-06,31.044581305708686,88.06639900509789,4.299111678119035,17.528012770025832
2022-06-07,22.095153527723685,31.54439375599007,9.18495459066073,4.922704306235184
2022-06-08,26.835152726034284,37.549633131554984,8.618996006695959,14.720844071577444
2022-06-09,13.729305802492075,78.28246430452786,9.939938446850409,17.615693864393428
2022-06-10,40.127172412418616,74.95144931878258,4.825883102265621,13.148171788850867
2022-06-11,13.227298036324093,36.44826203637134,1.4035308123714372,19.306693281788675
2022-06-12,40.799227908716844,73.06361077289236,11.210211213179534,3.040043534547683
2022-06-13,17.64377389506855,50.18870784058359,9.744819521694746,13.376578878001792
2022-06-14,40.013326697245276,52.59514408828362,5.687055807721923,6.574245295315233
2022-06-15,39.52173999015227,38.64786195459629,5.16266147149813,4.511937274984907
2022-06-16,37.405129969186156,36.22334340252303,0.8652730556588741,8.742420831829403
2022-06-17,11.721409270018672,35.8550590629424,8.936917820277259,3.8404105895882235
2022-06-18,22.036047181721933,23.057500205456158,6.832884629999406,18.511260769114198
2022-06-19,30.245806925231406,39.718673571693785,4.070047934734452,17.666076120924426
2022-06-20,33.592458570557355,78.97265240088433,11.659241895056056,1.0557462999996403
2022-06-21,38.383842555307204,70.82348632787148,3.535027358808741,16.47853920220366
2022-06-22,14.494661175325444,48.45746975619514,2.3880440870114708,15.79081110864076
2022-06-23,27.999481627054774,77.38541428741432,8.059297545023625,9.45522215998638
2022-06-24,10.426434949985751,66.71251080060938,5.726389508241209,17.99408627145748
2022-06-25,16.932625206740244,59.61939602403181,6.080727692090878,11.184763876104801
2022-06-26,29.838240077022256,21.16959376345889,11.809775284865182,18.27541126244514
2022-06-27,26.785392363814946,83.80896305263012,11.900626722393312,5.1741803979945855
2022-06-28,14.716236306916176,22.41605888115226,1.933544181730509,9.067122289193692
2022-06-29,23.092029749934078,31.409726034191557,2.0503178325020093,12.734262314372382
2022-06-30,28.573834310723743,83.99454400077158,1.547861486824301,19.50789838555152
2022-07-01,26.369922980598254,66.06110499596608,5.018613518226005,11.689705418362411
2022-07-02,38.17245427122318,47.37831844405922,1.8578825679260815,14.149240693507767
2022-07-03,38.933921666219504,77.49766441896551,0.7944651058361427,15.87181408017134
2022-07-04,41.32423438309286,73.57021935762715,6.760988073519476,11.989230866367595
2022-07-05,23.481921168173514,82.96286441460522,11.320539601521798,11.647498311661215
2022-07-06,16.84862722804354,20.85822123037842,5.66459917389271,6.156381571608103
2022-07-07,32.76050211714268,39.47415245121056,7.567398296549758,10.402186771106713
2022-07-08,12.515081817890017,37.88164749451742,1.591690302574391,17.90427819935838
2022-07-09,39.981970892741,33.855555885830874,1.9963680179860857,15.886526737744003
2022-07-10,23.656988399658704,79.4809422313638,4.283875790104514,7.134355905686249
2022-07-11,15.51448334873697,32.849734999544005,4.204582279441109,3.075142855563797
2022-07-12,38.05356782627367,77.53056810695888,11.002819895315717,8.921157369210482
2022-07-13,22.127834425808153,58.2438311310318,4.185134912572654,9.71333555179717
2022-07-14,10.703213493187082,21.942821800611814,6.02791063143006,0.3288902972064456
2022-07-15,25.482758157173922,50.89573159836692,3.735826590004584,18.31322078252518
2022-07-16,38.00096626999816,64.76251420731575,3.39540936425046,5.301078494759077
2022-07-17,22.370078876616795,55.05243617455294,3.2721434031355123,13.417269899149812
2022-07-18,16.461148230434933,82.84206384422264,4.177438755784464,3.9052694268616794
2022-07-19,26.149962368046218,72.39865593278785,9.171702390695284,0.08990814162652017
2022-07-20,30.376512777278258,59.739393607929145,1.0580516844904557,16.826469656351758
2022-07-21,34.67589329461255,47.19934145773122,0.7005274357277032,6.744494605559373
2022-07-22,10.746371867370286,57.1221999926566,4.595915272666681,2.193359128302095
2022-07-23,35.267425795012116,31.045281100878213,4.511492292174372,15.054294351926687
2022-07-24,36.18621110709556,57.476777664851525,1.0026415872186027,19.779063710851364
2022-07-25,24.04034164970606,27.959367283560915,3.11096287414779,17.74717336562474
2022-07-26,18.312826827610827,51.60608963066789,8.143147649353821,11.45537682867393
2022-07-27,27.588941794949914,88.11752591108939,10.167577897048634,15.762768049543004
2022-07-28,23.33645382287145,79.52935946329723,7.546311345689456,13.214259024104141
2022-07-29,20.989808581352055,76.18373386949521,6.757040998966309,14.120690559904848
2022-07-30,34.53319235856084,57.80741606007705,7.094665925702606,3.9901824986017087
2022-07-31,29.239245412137564,74.02435092818799,2.4800755254020608,18.348657961099036
2022-08-01,29.739942715247714,44.50432957938837,7.279173896882812,7.274485337458831
2022-08-02,36.994781729858104,20.555947633869508,3.289934763734139,4.70216673219781
2022-08-03,13.550957318306065,72.04978428337924,9.04546229015586,12.653382892485439
2022-08-04,41.00817723385424,70.28763374532213,4.353536111403409,8.090579976949003
2022-08-05,23.55257612041779,76.78051934332439,8.638126694759947,0.3983614024381499
2022-08-06,12.031155529269121,76.14075901821879,10.807259438318647,5.870164270582537
2022-08-07,19.02530738901665,36.32638638140189,8.9562322789759,1.5095313722819537
2022-08-08,41.04553040446856,40.52378671705371,6.5637856331424045,16.02592943994825
2022-08-09,13.024387072729617,83.03319053589968,7.733488979559417,0.8368343952582058
2022-08-10,24.031068032268852,69.06655277444946,7.807737639503348,6.836578648670894
2022-08-11,29.864582226940897,39.70115620998004,5.071336422281635,9.92868564447374
2022-08-12,11.900979926775609,75.46390873477338,11.982939890097041,5.4913365139897525
2022-08-13,29.813669349167753,73.89610592040262,7.842583963218372,19.261633330480123
2022-08-14,21.118698390724656,86.00633799443655,9.930691637772807,12.189940895240351
2022-08-15,40.59878784307664,86.66407871463038,4.6213499970202,10.642132397425971
2022-08-16,32.45429181296341,87.10493222056097,11.863895198378941,16.539425916697578
2022-08-17,11.394351177284651,82.08348782568427,8.925798742792757,11.456298743891793
2022-08-18,31.038234909866436,53.04814568623736,2.8563791199134263,1.8284161631096674
2022-08-19,38.27013177387302,29.388100420949073,5.0302278514652645,1.157871617528241
2022-08-20,15.480230066671812,39.56478694156266,0.570452775208433,9.148932063764011
2022-08-21,36.958701165196274,31.7966369183886,1.9165334759218084,15.869464348347584
2022-08-22,33.120226677177456,43.591478859149824,5.584064249352594,10.995904825794998
2022-08-23,14.698663249819866,87.08688320610072,0.9077758853408815,1.1842890219769475
2022-08-24,40.02788430009845,75.64887062934228,11.091428074614935,0.6245107964679852
2022-08-25,28.63398393853392,25.824129163138366,2.6008806349960056,3.907022620702183
2022-08-26,33.26867160771232,74.62854140094072,9.506883700666272,7.68449455195904
2022-08-27,18.495341942257173,62.42230485762504,4.127639683769214,2.2047178526469846
2022-08-28,38.61268831116256,48.05313835753371,4.4628606072199215,17.219623695723502
2022-08-29,11.53778921971562,28.28277175224153,5.399303480767554,10.818121689128038
2022-08-30,41.31915864291265,21.22655122694124,4.02430407171168,15.101758164958099
2022-08-31,11.673973566580656,38.14902973945359,2.1666931395691806,8.975208494265196
2022-09-01,26.89682855709028,53.316431111591776,3.6603470326581813,16.389125398072938
2022-09-02,27.246204015320004,63.14910803713754,8.363494803202038,10.000683315366262
2022-09-03,15.100555578635028,58.86090533431426,8.89940555261383,19.144059831780623
2022-09-04,33.77873847470704,81.48876698339737,2.319047216932315,0.33909326933068584
2022-09-05,40.1961037798412,28.556577559459427,8.19210672377107,7.017751044978098
2022-09-06,28.848684688671984,80.36853554928032,7.70731461348545,3.5403334887571636
2022-09-07,11.127075119165266,70.32195221764056,3.5146579657382295,12.655531888119484
2022-09-08,39.99512814333312,35.487006950108245,11.006112775067283,3.4579458467834834
2022-09-09,26.82669420045563,57.32089850833166,7.5917010739659405,17.216031511283887
2022-09-10,31.3991192838419,25.646720021871296,8.03793812168321,8.889189938839202
2022-09-11,26.227132009961256,71.88895292832176,10.24031322674733,2.5550488131016547
2022-09-12,26.65437513507622,44.67240760346942,11.415111542539284,15.917054717514066
2022-09-13,39.81061595427819,46.98469559304053,6.3013406511648515,2.8679138531287562
2022-09-14,40.68625674952649,59.348504831313335,8.815774751867703,11.14598508063258
2022-09-15,15.753093823601311,49.08228688968286,5.632705797959574,8.33293665491139
2022-09-16,21.931027325319445,63.19900610051126,5.267271322272277,18.48286826024316
2022-09-17,38.98138043768478,39.89779335939675,11.594822306730004,11.353565616417667
2022-09-18,31.497345331533797,33.20948662410875,1.182224053276654,10.987822273395984
2022-09-19,28.94936374175851,20.56173923317934,8.002513453127069,13.677264882398696
2022-09-20,37.218055991697895,45.63405684111273,11.16808949862975,4.68594618884401
2022-09-21,13.829479096727113,63.59942243573764,9.90421021210863,17.270920491215588
2022-09-22,12.467986225196984,39.07905196532113,3.4947280083812435,15.194329326571252
2022-09-23,21.474568947144114,47.658764303538646,5.516224447787134,4.748555910614838
2022-09-24,40.43238374519535,28.895104044312767,1.69389998000312,16.71609221648921
2022-09-25,23.855865838386233,33.849366766908204,10.431654197149992,1.0099887465678181
2022-09-26,31.07630762524617,37.62516518626742,8.596211204238246,9.846938995845349
2022-09-27,25.947382460976318,38.45100201221695,8.666930531695009,7.9166603551610955
2022-09-28,14.18274586157009,80.67342123120474,7.581373506923283,14.120584107011613
2022-09-29,40.522679518435865,30.641079813740696,2.089462331148741,16.113038531607224
2022-09-30,17.41634757424593,21.038098957792744,11.35951417431046,19.05906435351352
2022-10-01,27.899880015168293,61.93630735159155,11.938597650687937,18.926240114732337
2022-10-02,31.48807611784913,83.44666060288355,8.322284691585889,15.550953014722646
2022-10-03,22.45770138827878,88.3898937091674,4.778942866270577,4.813860971622235
2022-10-04,32.67013502145903,88.34762603659718,9.360055453185808,9.326393340749044
2022-10-05,25.21920132762619,82.6841752672631,0.7623250180150887,8.85851958909825
2022-10-06,30.92576157779873,66.13988822844992,11.631232045070865,6.323984922949206
2022-10-07,27.666217676654334,32.930434246264284,9.828075097672402,6.343264869076986
2022-10-08,20.4625962407168,37.52637213284828,10.691554541069001,12.786523181217767
2022-10-09,25.563360939401434,54.41704811768758,5.463937560581358,15.893144258648297
2022-10-10,35.10050587207657,84.55994855634168,9.094951117341912,1.57277405583375
2022-10-11,18.27773724107994,44.21651811760104,7.516750835825142,5.160841492657358
2022-10-12,30.915037746813997,85.4109984684822,9.744098568048337,14.043396335121747
2022-10-13,37.653765116882155,60.75457582359597,7.544035978073219,15.428861647976852
2022-10-14,38.941006241192895,37.061082189857544,1.882713120216931,19.263836787721242
2022-10-15,13.659367130194443,66.78903795374768,8.74999103827126,4.149194187284319
2022-10-16,38.720702608253106,69.9968318589425,11.259845210320604,12.397396512924931
2022-10-17,23.160075094367404,32.0881285342711,10.443376147766424,14.636249562558937
2022-10-18,17.137271974379452,69.75091452853097,1.0090163912097432,10.655407015738161
2022-10-19,11.800841062030074,89.1226538362364,6.560123459535439,8.543787226475047
2022-10-20,17.71523819590039,36.849489790535074,5.93174959266636,11.39837150767109
2022-10-21,13.17229832609485,45.46237978566814,11.499385257373396,11.514030595072743
2022-10-22,38.162363833349985,79.08852271185877,1.5160336428188441,4.487862177759259
2022-10-23,12.180360229131523,28.47754976865258,3.652284386280173,10.31629332689014
2022-10-24,13.289441761870624,81.27513883306125,0.8849782093827196,0.6104510108295358
2022-10-25,25.902781972721435,25.944039909154363,10.41890904877869,18.77111501428572
2022-10-26,22.687278097304592,21.821718162305885,6.8147295902580005,5.149319179389707
2022-10-27,26.659366651973226,51.577119144874686,11.9071842134303,18.958034221639462
2022-10-28,29.03761819345975,24.28464746018549,2.4254349508016197,8.528772096921859
2022-10-29,39.89675581179358,58.794678155842476,0.7426026584121834,11.93116143390216
2022-10-30,21.905648299438145,57.657220940796044,2.8896069791846046,2.0935391074206744
2022-10-31,15.516855059760221,71.63537964297626,6.888192840313346,16.503021312902458
2022-11-01,41.80142110929152,86.6110735851207,3.9366729855209655,18.067745227644938
2022-11-02,24.120049611377645,44.21179403630887,1.4843769033593575,7.194541683794831
2022-11-03,33.01051809067022,30.628210101417793,9.248042743564598,18.991881538570183
2022-11-04,31.953868197861215,80.2876053930027,9.595357058938868,1.6769474213960955
2022-11-05,15.942972190519015,29.107631168790995,6.276498975925486,16.72325738660019
2022-11-06,15.600279873576891,67.74116513249524,6.464919834072828,6.58032686559205
2022-11-07,35.50269743346142,72.96396685148423,1.18203113448082,11.90538169954479
2022-11-08,40.231194736580754,48.987264214981394,10.810537201453876,7.5751801247831185
2022-11-09,20.626025523900886,79.5597619365654,4.741278545766657,7.895320543185584
2022-11-10,31.506741499537522,54.923159921442576,3.7149511710894823,1.6331914076727427
2022-11-11,16.3759810224996,71.30885709831271,11.039560658937033,19.14741251090046
2022-11-12,24.234749015639363,33.77406838390934,0.6997291995743068,3.1362776279721705
2022-11-13,15.867123831038175,76.52788688850362,2.2638932882868597,6.733898490767762
2022-11-14,41.4701811449947,59.47076599230353,4.277740316839994,15.208387682817815
2022-11-15,23.604525914453735,42.55926862759562,5.189341571046008,1.9850048940266807
2022-11-16,37.61352939572167,70.35337880496348,10.827777418041489,15.467722046451577
2022-11-17,26.697004042242774,40.235522875707275,7.625626612496475,12.847398058191295
2022-11-18,14.700809109607953,21.232249144880548,1.4691085564109982,10.51024088183131
2022-11-19,26.185887166976713,76.14378536622065,6.988590366063784,2.821065811085357
2022-11-20,40.26129034429554,53.66341046024812,3.000833413465182,5.997051386085603
2022-11-21,36.945294304243106,39.175451055747885,5.237525273641521,3.8939574330207205
2022-11-22,23.63216315713548,47.454310747625165,0.7588415457642375,13.838791403752701
2022-11-23,34.89787118340074,75.98135842833128,7.73692397668897,16.9890609812359
2022-11-24,32.489717945934366,88.01388126996464,3.7889554395458074,9.626019323220023
2022-11-25,20.747684189522133,20.83852334461116,5.908692499730217,5.527749163873954
2022-11-26,36.67695146993434,22.09205618845094,9.704741394332894,0.7512562726605299
2022-11-27,41.62579585509342,62.9232231051275,5.749262706440831,4.316349607084571
2022-11-28,29.01057077849902,81.17341537807106,1.1444619656525992,15.290609266043788
2022-11-29,41.35456365813067,68.6067659865476,2.0689832833328436,7.417447840310299
2022-11-30,34.26398033522651,35.525961927618056,11.164581088489212,6.7786485378008905
2022-12-01,39.59728348087242,55.80430729214352,6.719918747996901,2.4114049743831223
2022-12-02,28.663333037274302,34.65128213501083,2.521283334500375,9.47877491282679
2022-12-03,32.53850804469925,56.83128381773667,1.6877698972367656,3.4427842391840047
2022-12-04,13.572700044615498,88.27591416191136,7.9203332167483245,6.157524541692232
2022-12-05,37.6502374732627,87.96877212404152,1.7506489141507027,3.565473420870049
2022-12-06,33.756519462298684,72.19227064328123,0.7709923499543359,9.972381542179265
2022-12-07,29.04622085446555,40.935269352513515,8.14211776959274,1.958591821985991
2022-12-08,19.04181645498758,81.90504920344992,5.450403019755493,10.886360921700026
2022-12-09,37.07814677500841,69.31395548240239,8.35912112065854,2.8932563769162423
2022-12-10,33.49126404484339,43.956816178823054,3.216613834664721,19.347260381202894
2022-12-11,29.540862470598626,31.514241051089407,11.976215168352402,7.002568766597237
2022-12-12,31.526233719183775,68.85658445436997,1.810509514052109,0.3781370929243888
2022-12-13,14.570913940672337,31.531871196379736,1.0216606273500297,1.6215835517731758
2022-12-14,34.585920073087436,81.39378399021193,10.160468412950978,3.808241312049103
2022-12-15,15.136902010232898,37.69394392440586,1.6027939533280722,2.856830081977504
2022-12-16,13.566647696884466,21.23590557369146,8.582408443879714,18.777997641731833
2022-12-17,39.981976363358044,33.08185442459463,2.643114478418358,4.217869827874614
2022-12-18,22.105732872351926,38.53543553846876,11.003906960581693,5.917323846148818
2022-12-19,10.670760403147792,81.49932141359271,4.024340932209583,2.822541709563955
2022-12-20,37.577510792684194,31.443761939737733,10.074659990855626,10.040453428700921
2022-12-21,27.971827160563123,26.35518600070443,3.3889042555362403,1.13538095626732
2022-12-22,12.763048220993841,82.72079282200538,4.113230268658242,11.82848194307417
2022-12-23,32.07023355143211,81.01896849585245,5.722296527729955,13.286065314882844
2022-12-24,14.023546591947497,56.55433747588601,2.1673457127180242,3.786703490078631
2022-12-25,30.276443443778945,87.80995307074146,10.413171124951413,7.037187655801123
2022-12-26,23.076527607326067,79.54592221102294,6.177469547624042,8.330460570576488
2022-12-27,13.04350237121469,20.803751071403838,4.246779242919979,6.9831346918007675
2022-12-28,26.513732637144592,63.57580603595029,3.4045159866253503,6.219475762802922
2022-12-29,31.211356496228575,38.17825100894859,11.018084922762192,16.65895362885412
2022-12-30,34.7371477992309,39.035644653850625,8.024941295787661,17.66577192139849
2022-12-31,37.8966259199553,54.808350899086626,6.515434698658,11.440559714433396
2023-01-01,33.45650410713651,73.13506627258516,9.842825915805841,12.46974792256352
2023-01-02,31.45249237917293,88.99468397674228,11.411626844744207,1.4359685373630504
2023-01-03,35.300200644005386,80.05778877587326,2.5284150300448167,4.47137171527229
2023-01-04,11.489540067039677,22.088113995482473,8.326437503284746,6.271817228245742
2023-01-05,31.87253012790511,42.01275156930903,7.378779796294299,1.1950044272710558
2023-01-06,34.406293339986675,67.0020871866003,5.865074050875255,7.872920822023691
2023-01-07,40.76496492895916,52.69919897953086,4.753140165063696,4.482391286507741
2023-01-08,15.51272430353038,73.89519301541573,8.333564056762636,10.377620546603028
2023-01-09,37.831149277115685,87.77691785166117,11.692260862441815,5.714813351155743
2023-01-10,32.935562027975664,85.78343329709327,2.3887899055217297,1.4025842796742616
2023-01-11,36.125067028286566,71.19685028282946,5.311963941980494,17.403037321421692
2023-01-12,30.606479935297436,88.59023592905939,6.805793465184537,3.0874605056173587
2023-01-13,30.134223481246444,59.551956554098524,0.6316042137302955,16.263137084596163
2023-01-14,25.67147017820684,31.972129232999176,8.481090058902886,7.477842002223993
2023-01-15,12.659253500275774,43.46862865446451,4.959287774482151,14.837630775875033
2023-01-16,22.138092079544386,44.004234104986935,6.476368617459128,16.685536981010863
2023-01-17,14.006078022021281,31.417857606262963,5.585817695269637,14.864885103101393
2023-01-18,41.9846195512813,52.31778252013725,3.8423138911149914,3.0614402338465507
2023-01-19,22.44239030070653,45.68445910068516,8.992088057904487,12.889153093835393
2023-01-20,41.319300001579705,79.28731134440702,4.167690968747275,5.3582651383933015
2023-01-21,24.9229125767186,20.201205442966526,9.864639110738507,19.500661395665233
2023-01-22,35.90280951259065,26.064054963069097,11.655390084724301,3.8812518780195426
2023-01-23,12.631759525360398,67.11501637627293,3.618734609513428,6.606495153005001
2023-01-24,39.46689326315531,72.48195580945873,2.2864665751396203,15.329414286878256
2023-01-25,18.84687377909497,71.19578996541071,4.6702981036940265,14.509744977075949
2023-01-26,24.151609544787146,67.44526896720522,0.5495485740390151,12.285862359561024
2023-01-27,12.146770324424534,49.969943218625076,1.4107801159887725,5.949039800353644
2023-01-28,13.985143175324044,28.26319355789625,0.6790696220862947,2.1696651661600397
2023-01-29,21.425217661363984,22.96014078100243,2.0852675603195654,17.66864610284468
2023-01-30,27.138742320702725,87.63224767653139,11.565792115211558,2.7964768390833394
2023-01-31,30.09567300099658,87.3285480393459,3.8253966199649745,7.649556244014275
2023-02-01,34.34261193310454,73.72978536243285,10.13336690343981,8.875187464430052
2023-02-02,24.515342251640483,79.32702792067244,1.6434278517440233,2.87868114563935
2023-02-03,37.341066271442436,53.64988042441663,1.9009166359015865,6.027967887333525
2023-02-04,23.88624476888183,40.06572593457656,11.119779225835373,17.08979402062766
2023-02-05,15.193499757814486,20.335885249862695,2.21409172460939,0.19294678097887763
2023-02-06,31.16829759782726,74.13286589812205,6.886190085494395,7.341102046981769
2023-02-07,13.794822638570281,53.92226293613418,7.395528394694765,13.281732054100178
2023-02-08,16.65652753782407,37.986491356511635,10.25056428942711,11.943309062507993
2023-02-09,19.05393083045895,82.30483045391888,7.907839362305529,15.316883469506987
2023-02-10,21.986967731026358,85.46129330435609,6.801647899971032,7.782454731493534
2023-02-11,35.955214220177396,77.96985574912357,8.6842391815819,2.2333098911620364
2023-02-12,28.789409044073356,34.82093726528707,2.049687558218227,3.5844139826581722
2023-02-13,26.92110802037853,82.03303473003876,7.162378045404326,7.915990466476137
2023-02-14,22.871590046498472,70.44760675251155,2.894739137633707,7.915878080094821
2023-02-15,31.066669449490387,37.44488344318451,6.381005752949475,19.242124732854776
2023-02-16,12.616203346813656,45.71220281338762,4.763487766146915,3.7394199128328354
2023-02-17,14.328682893605833,72.37551903744341,6.148949613130734,17.85694157957963
2023-02-18,12.67789519375572,35.83352315874531,8.344128806012554,17.37295332254595
2023-02-19,22.858433455456506,70.80506329101584,5.327801299779618,16.252884281646747
2023-02-20,18.513082850476547,72.50730708290894,10.123014519677593,5.105790209057643
2023-02-21,16.885401163481475,86.49272855860784,9.265759000918171,10.564313995907707
2023-02-22,15.568973008622198,52.25035562823806,8.98253805080645,13.780344199142636
2023-02-23,34.24032661827053,34.83737847279709,1.5221708316531286,14.713855977183306
2023-02-24,27.7336885597282,65.38211453055169,9.812977265836185,10.20613894573029
2023-02-25,15.761705393551864,38.375500329862824,3.606404900752783,16.362949611434942
2023-02-26,14.3504388111276,80.04429965763894,10.847957662751247,12.920094277622693
2023-02-27,24.12246298056157,46.56735749161368,2.262207502118267,18.657153594438117
2023-02-28,20.939963300567666,82.55219392888989,1.8435317100707254,17.845283685593266
2023-03-01,26.8075390174029,38.60972341750359,2.5232991777752947,13.550187090410441
2023-03-02,28.856695254432367,21.534864297715764,6.772777427707408,6.095654083230675
2023-03-03,18.094160781749473,65.63053481798678,6.650140519676785,14.49072686781145
2023-03-04,28.611985183682847,31.828146151807097,1.6804453276520097,2.7935842239414654
2023-03-05,35.18065314613675,88.52101310878771,8.29494808972869,11.649216800558884
2023-03-06,27.444220033351378,46.92929558883169,5.11650419502112,18.075720590450665
2023-03-07,40.91959055611173,79.10811998799485,5.831539546842046,8.81681651417968
2023-03-08,35.851666202526346,64.84910206459179,6.497557489022776,0.01301256685729113
2023-03-09,17.00679437887637,20.067557924119924,3.7869590465307352,3.9222332788542857
2023-03-10,19.68877883143771,69.70079196184759,2.297962029643831,18.18691384568962
2023-03-11,30.486534548153685,40.55860805688303,4.569210989414634,3.831249834324537
2023-03-12,37.105681826712484,52.55729818492563,2.3938075624132495,16.88153989896285
2023-03-13,25.15698578372132,42.70058617186075,8.111511938771955,8.345602048399464
2023-03-14,24.426610883540256,67.91551284142454,1.4993753352396935,18.25863904338718
2023-03-15,20.004472044508997,82.32208553740179,4.977143805839835,4.113090106310411
2023-03-16,24.70395135586136,86.7386801422352,1.057007025349747,2.504498752741171
2023-03-17,27.01662596675243,86.14469086470038,9.569145792176338,19.502475658759636
2023-03-18,24.65762211187847,63.61828491010285,4.406183985127404,4.361889302996531
2023-03-19,24.60420076099962,39.55713946122506,10.093276512551709,11.77310153043695
2023-03-20,17.96939844547983,66.59352708729523,2.012593612700307,0.9702365822139192
2023-03-21,30.43829612427393,46.131222515985705,5.380039515428926,18.990210354863944
2023-03-22,27.15518119012965,29.210482775528956,7.218475885165852,18.13207365135626
2023-03-23,36.31268017138678,67.47365056993341,8.444281790751592,13.914568219351796
2023-03-24,15.117038264866558,38.777993158599955,8.108550585741838,14.671752884801982
2023-03-25,15.786206067595682,53.305833369624516,7.3344900181454715,13.58570752891739
2023-03-26,25.29714227614317,71.62908962025764,8.835376453712415,12.498495881147857
2023-03-27,23.453325428027977,77.10482563204364,5.250750439284607,14.816435975271517
2023-03-28,41.62664668331091,65.58603754728254,8.190879639047829,14.930135037871267
2023-03-29,22.666876549996093,64.34491050901445,8.060596261553732,17.015323691329222
2023-03-30,31.871808964156706,43.27726767411342,6.770894998759562,4.785780186037327
2023-03-31,14.14551138525433,29.639701651382587,1.6157964837044327,18.17487470576451
2023-04-01,26.683137895505386,78.25567649191404,11.995925684761087,2.0354600317286886
2023-04-02,10.478173054678805,89.49818251427166,6.659436819799473,18.022638294475982
2023-04-03,38.113179795534464,88.44747133164707,11.179366360511523,3.2095226244810138
2023-04-04,10.515895663842738,73.03791264875255,3.5975014573014845,1.6669869877555699
2023-04-05,33.69811032243571,49.80774208360941,9.341669400743118,5.578559489969679
2023-04-06,28.11132513265854,47.25814848439494,11.461665602675335,19.284293140857287
2023-04-07,22.907152891258608,66.80068726695788,5.918787926159082,10.496119631014945
2023-04-08,38.62694515883096,23.16609224650466,4.176445622934663,4.796457506118346
2023-04-09,27.43966060434961,27.068454465122656,3.962844581615447,10.046888035191232
2023-04-10,38.425352136489934,28.901386440311732,10.30259326675036,17.856299145251516
2023-04-11,29.242399607388165,42.30070784626368,10.020341345647505,9.291338228403642
2023-04-12,20.053262318816138,53.92225626047451,7.984344030872221,1.81956577449927
2023-04-13,15.796393632086989,41.16405932840489,6.488891041277435,9.437783072740595
2023-04-14,18.47036614822902,20.00872539250915,7.589112847627893,6.5280979559268
2023-04-15,38.952289222515894,37.07940399922983,1.6127594647926107,3.6893943340003976
2023-04-16,28.865113470192174,77.82817502244033,9.542188762417483,9.07240855802371
2023-04-17,12.316924298746748,81.68615632257851,3.01657725346285,18.727697311376104
2023-04-18,23.63043313090717,35.32577629091569,10.826684608370735,11.756847490954003
2023-04-19,34.7607473526743,24.45626271862968,2.74992973621201,0.6861545847013395
2023-04-20,29.79226492571371,87.10509298552506,1.7984103891280658,9.604711657630771
2023-04-21,32.20114101718302,60.358088422192516,4.5468693723689135,8.115609559182138
2023-04-22,12.545530532539242,22.621430499307607,8.07841649525676,7.456011996148919
2023-04-23,15.63860626152562,58.31474974277286,1.0589977403677093,2.3571844046536317
2023-04-24,35.84988978649176,80.94084314089214,9.381215225184445,1.58683000447023
2023-04-25,39.5882663685334,58.01138178441313,10.361694134256902,13.617545222344623
2023-04-26,26.800784553149786,73.09771411417992,4.462110174470545,6.133514985260716
2023-04-27,11.995973956795421,24.9189628521283,11.544647067198143,7.61908290820976
2023-04-28,36.84603892485467,66.91516949580301,4.131964437527049,14.354742787585392
2023-04-29,30.400097196866163,72.45836836985939,9.369288934674977,12.362405806044357
2023-04-30,20.741593048832748,21.788399075709712,7.196111802857207,12.576292080006645
2023-05-01,16.269903755421392,53.99678889863481,3.3693386480472727,12.302966514398504
2023-05-02,31.223685226627357,44.03033692292742,8.816731966835244,4.623905055578561
2023-05-03,26.9102269603234,38.021837931164825,11.299516188582324,0.6970225845922973
2023-05-04,23.24288985481649,82.63162860003848,7.387558351640344,10.260361864206045
2023-05-05,41.79195879421888,50.12584193472313,8.229303377903904,3.442358656829163
2023-05-06,37.2618210787006,63.74449220708367,1.841833670095118,13.89728942135769
2023-05-07,28.203108512668614,69.07599146119333,10.13489631369717,19.05771395116651
2023-05-08,17.52759680332774,79.20535608285563,5.075201962429325,10.298621051002918
2023-05-09,20.24716317548566,57.34883693114276,6.047257900907856,0.12778985349524152
2023-05-10,25.408953244128053,38.35862589982321,0.9690356618952548,3.380203426022401
2023-05-11,18.218630052195024,33.542241761327745,2.9056085385024515,15.964061927188045
2023-05-12,19.057831665853346,68.5000798735143,10.340337235105794,4.007003129489906
2023-05-13,13.559557792399918,28.455597012380565,5.312332970778065,16.569394964805205
2023-05-14,40.427575664779084,54.25323461451218,5.056715337923996,11.15110973397259
2023-05-15,24.213606392078027,85.74280618642713,3.872454815584187,16.316633107243746
2023-05-16,28.675504516725542,35.60990322347307,6.216320625141062,10.39827633913246
2023-05-17,30.297360426236427,85.71767243130131,1.8936103312713042,10.274296590744129
2023-05-18,29.953233023758806,65.34757943127913,4.4868698117911165,15.641369921928396
2023-05-19,14.761761081414505,82.44198936291566,8.448850545118379,14.530742725938868
2023-05-20,18.74962496649217,89.47924402236256,0.9168480242252932,19.899363446283523
2023-05-21,25.88797174782301,88.5599751120088,9.010524114896546,19.436020763934508
2023-05-22,24.080844482641456,44.32051706197755,4.228029604375186,14.433633210431612
2023-05-23,20.885411090024768,46.34644737842447,7.42600775145404,15.359602523571505
2023-05-24,39.420791335515204,20.489192066716495,5.232875075489426,15.735992071286844
2023-05-25,22.162776547825132,70.72787601799314,3.8248679950505897,11.701374272105951
2023-05-26,13.485724831326053,28.153658419011347,10.872394152444523,8.474614007128721
2023-05-27,39.60082560808432,29.598100357743036,2.4203511235994624,0.2632473995211049
2023-05-28,23.21319606833166,58.01372297738411,2.562169104721641,12.883987429048709
2023-05-29,28.639519315563014,50.404559437520454,11.350063031357536,14.088585262984335
2023-05-30,20.13905354941917,44.50494774422653,5.642293746118678,6.840254661542733
2023-05-31,15.806140613016947,31.680232471235584,2.4916102930562607,3.0575693674391102
2023-06-01,37.69581324860665,57.080113272055264,7.215775357548924,16.850676737685195
2023-06-02,15.084766126916424,63.393107387860134,8.701801081096583,17.307209537378085
2023-06-03,15.06226494297994,27.503589205147133,10.085702129615076,16.784309217746134
2023-06-04,24.613991792990273,45.11556028454006,1.4857746257457132,3.6764622619277154
2023-06-05,39.93745344990872,30.67006912160746,2.4268192621599756,13.688379912630195
2023-06-06,19.67679805473305,45.45401852119323,9.267186791972925,9.946927268500085
2023-06-07,19.561500242901943,27.34340974541593,5.880774314785596,9.04201243161305
2023-06-08,20.75966288355925,40.39337540988595,11.015230812265726,18.58991158864137
2023-06-09,29.97862010168976,67.94109414009553,10.173655229878982,1.3404427137050878
2023-06-10,36.01946555941594,34.786969990822584,11.678711596909915,11.487628255842836
2023-06-11,17.62078969439432,32.12067946165113,2.547468394305227,14.830395029963215
2023-06-12,40.47308544870265,23.877999799741815,8.805178471112534,15.729120797295746
2023-06-13,24.33734796675634,76.04688984009627,8.351727285037812,14.690003204332244
2023-06-14,41.48022635089234,23.46365423109882,6.857584286177645,16.190766723916145
2023-06-15,14.573464546070731,60.54977251789637,11.243766721459451,12.550193869198317
2023-06-16,24.86837093033501,48.8758688793948,10.237786697850186,0.09170775464609315
2023-06-17,27.978524066807466,24.369596854812517,1.4845961978751707,6.528009411557956
2023-06-18,24.612329118314204,89.08951334682735,6.274624904259082,3.1717411277876817
2023-06-19,35.37458480646563,80.94659476654085,9.657454204893751,14.40886169590601
2023-06-20,22.667394693300402,56.65777534486401,9.564932837550444,9.692796214875614
2023-06-21,23.656848686472323,32.04839829372506,2.911237662196913,2.884962381870899
2023-06-22,12.377210552392881,68.38916594076377,6.571121215154004,1.276413334298776
2023-06-23,32.542198788397044,20.54617107512725,5.375973951794014,10.291285748914543
2023-06-24,16.84307685652469,32.196528537972235,5.875965924269268,4.363178727536932
2023-06-25,14.573203098055863,24.278475884786687,5.430944073024996,11.552865390049192
2023-06-26,41.005663943374174,53.211424339731316,8.745780218594797,5.816740904769926
2023-06-27,30.689786864255872,68.33307755904335,10.850475245952072,2.1013540310978396
2023-06-28,10.082190096643618,53.776208455918166,3.242592421488339,10.595889678873458
2023-06-29,39.69426987992213,66.0639888981089,11.585419924134996,17.592125792325145
2023-06-30,17.481117417661583,23.7869763615283,4.154850267509948,0.4320768572939948
2023-07-01,17.42657967244472,69.9563705405699,3.6336032768440427,18.42672924262152
2023-07-02,21.493684393775112,81.38807064851937,8.624077197199068,0.9916209787556007
2023-07-03,31.51478928783679,54.03969570289982,4.755569248125614,15.652604655273626
2023-07-04,26.63113672935707,55.24729788011955,6.096164316562214,15.283439338531394
2023-07-05,35.939410077848535,26.744933054978635,6.760670053681007,11.624933515148882
2023-07-06,36.007783041462716,76.29712287904445,10.439079794703849,13.130139621699756
2023-07-07,27.401657045072383,60.00519044609963,5.675229190664274,16.57636233707557
2023-07-08,40.73224260192634,73.29793560418315,9.961691055854844,15.238063440421401
2023-07-09,10.805580623072583,75.7704927185275,8.92066126502634,2.0000081803234537
2023-07-10,20.012101373671772,87.98954866855857,5.768195006552326,8.033723539362342
2023-07-11,23.726692532995695,66.30839457229284,4.221963079103277,7.594351124357585
2023-07-12,25.955731403788548,72.03784341360216,6.084548051151176,7.054711798789921
2023-07-13,26.65313752479716,83.50993726397294,1.6008068261610418,18.543738873183475
2023-07-14,26.235279305636983,71.46090023276415,1.1111142395336062,7.80113222013221
2023-07-15,19.239100738254642,20.22955503083627,8.596124354797398,18.95558863526984
2023-07-16,12.010836589098954,60.533207017365186,6.397930490114196,2.817218334189031
2023-07-17,35.4251468108638,86.99335875607977,11.95280329915366,9.301524545520223
2023-07-18,40.92536804531648,30.22229051048008,11.160479672747389,4.771737230441002
2023-07-19,14.400293358856434,47.38246143325593,1.2504936767757984,8.965462629162673
2023-07-20,32.796807786533904,27.209003714611903,7.037918447583657,7.888487277511993
2023-07-21,37.68966108180787,22.759566897318503,8.268806695889069,6.246871372862541
2023-07-22,26.56270884608888,39.48725944286234,2.999457226884986,0.46252644046488545
2023-07-23,21.977652062542838,53.730777156194556,0.9300101923447861,5.702866552919927
2023-07-24,40.71599210022191,58.50062867501733,9.177915821712638,14.065295273164404
2023-07-25,18.195475253909482,49.28491949278151,3.2016985714813555,16.851274634916898
2023-07-26,29.08796493044103,30.935770767329103,2.9978616906479467,11.98695723619728
2023-07-27,40.62504140540844,57.02954657082004,9.723683689155575,4.725374694624406
2023-07-28,35.64174973486122,71.37810033818377,5.042988455940805,0.6072067351753052
2023-07-29,29.45742393323694,89.69694136577442,11.613130172881963,7.8141664858194115
2023-07-30,15.890125667284657,54.33790775717321,0.7708439401521567,9.727088126308157
2023-07-31,31.115935125023306,76.17862759892213,0.6205837428585832,17.38502845340828
2023-08-01,22.17063112695334,79.35608771135968,7.50270851204595,16.688045539868895
2023-08-02,21.93599120088654,41.995015823104644,1.0539827537203066,19.119863881365248
2023-08-03,39.588756977964195,59.14166446760675,11.215166286952089,4.284460305880962
2023-08-04,40.193765030689875,84.12360369797385,6.549934038000734,2.0188119813760497
2023-08-05,38.117557335554864,89.34324704781345,9.374849005448725,11.784731968125534
2023-08-06,19.18605607577445,31.44688399912699,10.339698189285512,3.4661657066620877
2023-08-07,22.661449739802595,72.09277899444561,4.155754477309269,16.201401501708556
2023-08-08,16.51672882987951,82.03262811339378,7.2291147793882065,4.849725888916996
2023-08-09,36.985821892037364,69.08537968929619,1.5343796783066757,9.896649675917965
2023-08-10,24.65460274944808,81.9801345398979,11.656480382877973,9.86695663468348
2023-08-11,41.79332687691813,21.885145468387623,4.316719819460674,10.11202534701223
2023-08-12,23.173919589219945,22.994397356741423,9.582494496459494,12.069084552354434
2023-08-13,34.23628086909956,63.84499426733237,4.06865417952598,13.81826294894029
2023-08-14,30.58430218118434,46.29453288257247,5.329712124432207,9.036267548680748
2023-08-15,29.408611514662002,74.26758578794718,0.929993420336376,11.021996114194238
2023-08-16,37.582261991334505,62.51857770305693,6.407029137370381,13.788094676856577
2023-08-17,38.1916286183107,55.05455108097611,9.372708645775063,7.706790455438373
2023-08-18,21.031747846061684,85.37715174081136,10.006319774949683,11.13384661837706
2023-08-19,18.307260611718917,27.640250543578496,5.889630275335073,18.872353898191147
2023-08-20,31.12289218095205,48.18588308594857,2.456469190322605,1.1578934280675135
2023-08-21,12.880027453676188,88.87921707096469,9.652992634506706,18.710302619492612
2023-08-22,40.68993033683631,64.58564707648485,3.703223472995422,11.475491203093116
2023-08-23,30.139602247549007,62.45226896669185,1.220299971571285,15.483708061548382
2023-08-24,20.395279606198955,40.240007987251445,2.109877240489088,17.335946944756778
2023-08-25,27.452132395846572,78.4476126046917,1.6348384543049324,15.21444153059621
2023-08-26,17.011306511500027,54.151606657265745,8.515418235653165,14.080705836193655
2023-08-27,27.801792597034623,64.83705946834951,2.1738160717561015,6.006597169106898
2023-08-28,18.658865257577315,40.158162263833916,4.194525514652701,1.5838804359459457
2023-08-29,30.15526629377352,58.04791587336156,7.611209604604557,6.163875632010112
2023-08-30,18.666682376681106,65.39935105325023,3.7812205546539923,5.781818037751321
2023-08-31,13.070614690910027,62.86976542877904,7.978275180228012,19.778541397857587
2023-09-01,28.8692054995717,59.001957461790546,0.9482452528605726,12.12986066374132
2023-09-02,14.697670290823055,20.78976642195484,6.818048049785726,16.987834959813274
2023-09-03,30.437865428024484,41.331580647312876,10.255793835563791,17.444112147600144
2023-09-04,40.64900838624101,56.59118647594738,0.8222103221990711,18.707396912977902
2023-09-05,19.62774295348461,44.37463840818022,9.729432347099848,13.70937230219904
2023-09-06,17.75703126079879,80.78918620436899,3.65752505812308,3.8201066016255014
2023-09-07,11.367516149199243,61.658405212187716,2.2421033119149643,12.079072588696455
2023-09-08,19.598785147950004,35.00003687492999,4.592466771952033,7.2197806681665995
2023-09-09,38.199594985136414,81.43939141969466,9.321598067087882,19.248840426645838
2023-09-10,29.35273563789841,25.277136596891467,6.886318138980012,9.81313158662328
2023-09-11,24.89177127573812,53.37150598507214,11.892689910859593,11.753583382314117
2023-09-12,15.99416898709784,79.4921215231854,11.930414587783577,3.8210949111618286
2023-09-13,39.944850548025656,67.62417865050261,6.468028318586663,8.69205919853149
2023-09-14,18.841754340321927,29.324836173118896,2.3512055539544523,6.545735204527459
2023-09-15,32.558244948791305,84.6091368043086,10.8996853557375,2.363759787182569
2023-09-16,38.95756982064911,83.88117827243468,11.595932487773181,16.988131696908603
2023-09-17,39.078383161402115,69.87864166002731,1.0900387068709771,3.8895394617251355
2023-09-18,32.71529320608012,41.416163540448245,5.44432167269855,17.780018381609604
2023-09-19,35.33941159079753,38.362745368083175,2.3814851284382037,12.183698744268149
2023-09-20,18.542211734695574,63.402695130267915,1.5463335551136907,5.493339646527772
2023-09-21,35.28785699192824,83.004111922914,4.295985342888281,11.962673287750121
2023-09-22,17.882128938396107,77.24623812934655,10.766262974928521,6.653776876589166
2023-09-23,32.29483681323721,42.55863224933367,5.238794562573779,7.838028586363828
2023-09-24,15.810634182535374,37.60765404498618,7.621743894124233,6.628467140986958
2023-09-25,25.391042263028456,62.60720087209797,4.421903119930727,6.318020847151997
2023-09-26,22.57863981015677,34.09681387584038,9.672014265215587,14.290759611053465
2023-09-27,29.302298780581697,49.95494061148415,11.179316114328765,5.9085270451933365
2023-09-28,33.010472477542635,35.13924964074659,4.925493622130533,1.8321302161460085
2023-09-29,38.29971502848154,22.5957176282019,11.404867070695396,8.447562478340242
2023-09-30,35.177411792444346,89.92108194137452,3.177702178927368,19.67097134678571
2023-10-01,23.133157561351958,42.22167759240472,10.29174384841952,19.603102242294387
2023-10-02,40.687435455296395,79.01807693149232,6.667085609244212,15.417910428272448
2023-10-03,10.511365763927344,89.63245344180349,5.432634312992426,8.416466698233144
2023-10-04,14.306279231619214,73.49071979709191,1.121015419695639,13.967528490953399
2023-10-05,23.348037712222546,28.414759243237782,0.8633273975167204,17.712790407078813
2023-10-06,29.789716013539277,24.090798430794678,2.7547172695513407,12.597487860265609
2023-10-07,10.11843151885374,70.9157511273838,7.588527855838492,1.8808830215307681
2023-10-08,10.178578998020079,29.640746159459084,9.160004315192744,10.645022752257685
2023-10-09,18.107170402878072,47.50679596406247,11.882412149583685,14.893200823148913
2023-10-10,24.773704366002793,60.839219677391284,6.617947700049684,14.353132664264585
2023-10-11,16.540240207950976,61.34477138434127,9.050442984314339,11.967785150197924
2023-10-12,39.55138072305908,51.52378741808576,7.017377018087427,18.72075381898638
2023-10-13,15.644344483950821,30.731978057230698,4.878489684895723,18.999484745061178
2023-10-14,16.358131335195566,87.74442467178444,4.488174921507598,12.91953859850538
2023-10-15,10.641130910069588,62.741460958626206,3.2424750185729656,18.162717629168075
2023-10-16,28.68213870129142,25.351375543954738,11.499044300392441,10.16807615685089
2023-10-17,30.22487493733169,53.22867880882267,5.952371291541585,13.770193675892264
2023-10-18,29.818883755387358,32.944254658746395,0.5209091172564433,1.2508229088999334
2023-10-19,34.04587913990026,71.45211931771485,6.113997767124915,7.446527857577141
2023-10-20,17.21530741062193,24.970608537666923,11.280936077813147,4.7749083158926675
2023-10-21,25.82044984198027,37.42273015246283,2.6278722335384788,3.8628069297881207
2023-10-22,10.656233674266296,53.37256945220876,6.383606345096053,16.373896697442774
2023-10-23,20.255601101411134,67.01301673553331,4.017636995544257,7.190223507008621
2023-10-24,13.279600691615425,21.376753009273482,1.7288553782385994,4.447268528816071
2023-10-25,13.627269014093919,48.16263399360625,2.1508517612126545,19.19769193623673
2023-10-26,18.576093606384873,25.74119170614333,8.862207757512573,6.901653343720162
2023-10-27,23.77517416545111,88.20251273212928,6.372804157675799,3.254974406592166
2023-10-28,14.32531787470922,50.08835697255776,2.465364539899991,13.588691776196292
2023-10-29,21.63848105029034,38.8512715578471,3.065221956275615,7.26769489309601
2023-10-30,35.54328946721215,20.889627173576503,9.27065345742022,12.552828987736113
2023-10-31,18.802895944600635,62.62087196790487,4.609189934217476,0.8330552838709426
2023-11-01,16.970910567863484,60.87019273210789,4.0995292016283145,1.5846640442816673
2023-11-02,16.310232144943704,86.26012620902354,4.7702187853281375,13.73954043466612
2023-11-03,26.178335640744088,53.88326120592126,10.471010569022491,7.661779368236963
2023-11-04,26.88796402847881,60.87757160768177,10.131331741235373,1.8688458453590862
2023-11-05,28.30859858162681,22.56163040589357,2.194225885560373,10.555285529364248
2023-11-06,27.55205535928363,24.916144800827134,6.348381606689156,9.306092045192793
2023-11-07,35.63869077511417,79.22097322992543,9.380477887991166,4.805802076037862
2023-11-08,26.479639610320156,45.341646181114996,4.449680095756094,1.409849746541867
2023-11-09,39.94379511258906,68.11447263676496,3.212015272458105,4.660446223834345
2023-11-10,39.77559077541378,81.68581493592865,1.7777570680815642,8.896998678003659
2023-11-11,36.05166622160942,72.47855184680762,11.63964054080499,1.1442647722346555
2023-11-12,27.219551503316126,39.430584762053584,9.343803412431953,6.454497048153229
2023-11-13,16.955227475970283,41.820049859488705,10.635650816081352,1.6338958619451405
2023-11-14,41.08347654552958,51.05410722017892,9.77652000320398,0.9352236018868876
2023-11-15,12.619080561319773,78.08164875842897,7.175913127667939,11.663844000781795
2023-11-16,20.654277875910054,32.77948977728478,1.2635240095652287,15.816161926122195
2023-11-17,24.28072248838789,45.545383506340215,3.117192888091067,12.566025342005604
2023-11-18,33.83430065020752,71.08038754279724,3.325831729145866,12.267409775769615
2023-11-19,33.99473388449886,25.17565584851878,9.165538427096301,1.6539673331003524
2023-11-20,40.452434213668894,80.2834329290895,10.180991079348516,13.265150132370316
2023-11-21,26.063432605224587,46.61185229065646,6.933013128679429,14.181300551748755
2023-11-22,35.59131081310289,62.43464831626573,1.1110284902075684,9.21344351384098
2023-11-23,38.380490312179404,82.5066546088614,11.780853753223322,12.152333993872315
2023-11-24,16.0536259281105,29.221143722803284,2.429995964343129,0.484771616502222
2023-11-25,16.022516172578616,85.55926719522563,0.6516518786024483,12.03982211710219
2023-11-26,38.09339349149276,72.29690302224482,8.557647193363673,8.663934337948051
2023-11-27,12.224593420901183,30.117895731936212,9.189383193543536,12.668106056097413
2023-11-28,19.683372602454178,85.34880867927274,3.6932711866031247,5.463995348286184
2023-11-29,32.5051069859494,64.63800084612316,3.0079577601802194,13.923885350132919
2023-11-30,37.96088591309305,23.69880903455039,5.979598342942583,1.0272967025696422
2023-12-01,25.90303726397074,54.108825097974126,2.432409009874344,8.953960907496786
2023-12-02,22.03241905546596,42.852691607743,4.217803671216618,9.634852808285821
2023-12-03,41.35741570026089,56.11285782906512,8.670054444278943,16.35253924968624
2023-12-04,11.372440153241264,46.38245136702851,11.579862345145147,15.831086437076678
2023-12-05,30.05434559000057,44.3397471148494,3.2436773278102358,11.554503207183629
2023-12-06,36.05001556617794,71.2212511315079,6.9183825937425825,2.392058679041349
2023-12-07,41.51565222583566,71.60941448884272,7.47353224342537,10.930773144852274
2023-12-08,10.136602237679696,33.53367299905216,3.4533852005721313,11.797312225211162
2023-12-09,37.106093288637595,42.75149331113727,10.263870449071232,4.817731764750706
2023-12-10,25.918099459999006,77.84672281873736,9.24870509715241,18.72854708022497
2023-12-11,14.848629713083252,25.983604389750475,1.9023194481972432,12.566384398073964
2023-12-12,14.295625402349057,55.482116922428446,2.073737321603259,4.698060116754514
2023-12-13,27.693827221634496,83.93260443529704,1.702995367104595,16.857815786344585
2023-12-14,29.76680049209709,66.90415938550169,8.966707761719924,16.594290463065406
2023-12-15,16.500674031425238,89.64857785222469,7.1963480741365515,19.81669673344321
2023-12-16,16.267971362218724,83.46857678514056,9.805805273954661,0.5448919580519807
2023-12-17,19.602346894958178,30.377157272718236,1.6463836266003322,8.451790355748853
2023-12-18,31.509086439780553,41.589991370533056,10.136429654746944,5.982865785130205
2023-12-19,20.26538412150084,39.41800099693748,9.466815943050829,3.7157775802697324
2023-12-20,31.232060970401335,39.41908332643858,11.96570001864595,1.7224172583493047
2023-12-21,35.509079939807215,48.68467034618887,9.425121059291833,8.664320516954566
2023-12-22,26.522931566744237,60.666567862267385,1.8751810491561296,12.140809070472088
2023-12-23,17.082318117554824,73.82429852405177,8.122254470764661,11.50279835636921
2023-12-24,21.662169991172316,55.54462419187334,4.185923036471611,8.180194508783183
2023-12-25,17.458808095129328,37.634426499756444,9.487709276492335,12.252274378965247
2023-12-26,39.92362644784717,74.07805972638172,11.075416824983487,5.2430815484794575
2023-12-27,14.968647697035053,41.83812498116356,1.0877071440458663,2.4027841004456563
2023-12-28,21.283524403017662,84.00994284984503,8.155480363119958,9.12691728225236
2023-12-29,31.769896717556016,66.08074314482016,8.231863383990788,2.647663350381666
2023-12-30,35.06913671118749,84.29919338599954,4.100394383466734,4.142668534301734
2023-12-31,21.35464521355932,32.523672238136314,6.223679424421595,4.904761740837841
