date,PM2.5,PM10,NO2,SO2,CO,O3
2022-01-01,45.74266194263391,277.1173456249079,13.739817572755241,35.95698338955305,0.7755292332016992,74.39234272407845
2022-01-02,141.78178006673375,155.04352564512774,28.989933861294624,20.569218874409252,0.7631764536381067,132.31685722719968
2022-01-03,172.91706443806007,85.34402626752322,13.782043374951073,11.178637489036447,0.7211285206444982,51.606806879009575
2022-01-04,101.53489144106942,264.69793844764814,109.94237173169923,18.145796358068772,1.0511647239900037,48.84724343163782
2022-01-05,60.53575439423675,69.40986746902658,69.32795417619938,9.706644519286547,2.5059963230095175,27.346684171801375
2022-01-06,30.945715942826926,253.99743410803433,54.72786558768692,26.04216881098095,1.0400732189479438,139.48445535264793
2022-01-07,83.97952846163632,188.84278407223772,48.77318908603414,17.012331952635463,2.462487831443795,39.257460449494005
2022-01-08,85.73043155890892,124.3663841632329,110.20184260686187,26.954993413118952,2.5702939118913846,36.747499269648806
2022-01-09,88.26109344413872,196.5835403865278,24.229586825791614,5.827184072424606,1.3711670017403539,114.426854861054
2022-01-10,63.48027953057066,229.57628006205618,116.69966651057639,32.63449152712686,2.5473753929713556,43.07618967253387
2022-01-11,129.61960997989067,180.16220515122785,68.64809388661006,38.54653597177621,0.3821753514223183,70.24734838271215
2022-01-12,52.96410163927439,142.86055380184106,42.731490232392716,22.930304025690944,0.40495856187211776,87.68190035372871
2022-01-13,94.84795294575147,248.41830596167014,98.61366498119763,30.356196702062654,2.383011756401237,56.05770833696913
2022-01-14,167.52495085058013,214.074106133772,74.98051291935995,38.28917917580674,1.6467481586038624,44.97443106268797
2022-01-15,167.9134985851702,154.43456428356956,95.27878519158376,23.29777434430265,2.8227905829582927,21.910104516779956
2022-01-16,67.1390782265629,276.1465460979233,36.57544847641849,2.390775425065745,1.049459370762334,91.45153624972734
2022-01-17,121.69052535400155,287.2587656011961,95.59175879363484,21.37229999086839,1.1972860452903904,105.44001371511041
2022-01-18,96.93584245076039,98.79604358742051,76.35808795843425,30.2739524480409,2.908824812998267,138.78211317664943
2022-01-19,126.77710067225289,171.31165333288706,82.96039792525352,37.25974164858023,2.0085672798496295,70.17110417725291
2022-01-20,110.71724619999601,232.09727279479645,89.66979348950072,35.23813785558994,2.2465231535735724,106.04523782290403
2022-01-21,127.536609641994,125.3564568919506,70.10828925618671,5.215298768853817,1.0230102953862013,127.90140047089542
2022-01-22,94.91680413394266,98.15226255484897,87.2397577030057,14.587953282522566,1.927227166259705,100.97211256309465
2022-01-23,32.62812014278482,246.24440916622785,82.97477423831228,33.87010896281498,0.581055262235268,11.021472210944069
2022-01-24,33.82770098207017,73.6191439397954,98.67950123374015,30.819956432339858,2.342810244627444,37.605349683864034
2022-01-25,48.02065076771518,283.05987413595074,27.941606935172953,14.268146455134564,2.0615229811645976,88.00722672582586
2022-01-26,140.2550173742802,53.8350911471956,26.32860931143098,39.81257575469359,1.7355837392755677,105.64682414328743
2022-01-27,177.8335578326065,71.07750569207965,15.080290634651185,9.828014177335234,1.5124760231807692,11.166109586925227
2022-01-28,79.76926570000535,234.53518773455448,45.9335734222887,13.35124874932203,0.3349941511017652,94.56563934993422
2022-01-29,122.6876044439557,265.3867094887919,67.47917880783467,36.31798184917514,2.80110530315739,62.7501093870247
2022-01-30,79.10879014750864,244.57057430653984,44.99216306847978,35.8189835215689,2.3651522887513163,21.433432952415835
2022-01-31,39.937332786908954,107.1466889360889,13.522932315733422,9.992174407060865,2.9951294142276783,52.0404840575081
2022-02-01,173.31412206169367,57.723796866423875,111.40508113184418,33.80175406310398,2.525276221989658,86.98566011194599
2022-02-02,41.578965314425616,252.2101358025325,112.52555733914909,11.328982056811244,0.850228077311209,100.47435009757612
2022-02-03,146.34538008453706,218.6975373547464,103.14164969652306,21.89837283493062,1.679940526255664,83.6350085887146
2022-02-04,162.48590894475294,251.41300855486114,112.4087073217033,22.57115680620032,2.430835729193856,41.590978298054196
2022-02-05,72.82650623990214,155.97570370855567,28.4737238971476,30.922293946186386,0.6311914189797041,44.66585710987956
2022-02-06,107.32577500521879,244.61770554718615,18.35151784203095,34.084541402074805,0.278230020018997,119.51871297248142
2022-02-07,176.94493186492522,297.25273552411585,98.74005424610769,32.569111488287064,0.8365299571066895,62.65463116072715
2022-02-08,80.86846441850417,53.69824080407705,78.35356806665965,20.04903223045371,2.44340748392617,29.70034596105267
2022-02-09,147.07773649364225,53.40426954139179,73.99502053906463,34.753844486545745,0.3538812202790715,92.2091593070877
2022-02-10,140.75755415036775,143.40758711967322,81.19845196832213,33.78522974180591,1.7681348910129524,80.58646878935583
2022-02-11,179.84722344755988,289.38477076670955,101.23427776527289,4.284914545543948,0.7647328925458929,111.92087342139573
2022-02-12,87.50110433533243,45.26619621925947,107.11498752778263,32.71242692253311,2.8244891143805266,111.42208595906035
2022-02-13,123.74037475050048,190.62763334888925,73.00777290457918,35.75090270404611,2.650634512807564,67.09185089500886
2022-02-14,121.29826139278256,66.66065301427426,94.58109309006475,7.589331340078383,1.603923890651434,83.10934109429901
2022-02-15,147.97337981885198,187.42511875965815,92.47858706326737,34.674600785556784,1.8354054148258658,104.44533760327221
2022-02-16,131.99225486573187,66.57955401686971,101.66848809653774,17.45720444954571,0.36811311054579415,14.31180688230413
2022-02-17,40.41669737073871,50.4324976197941,52.56578329518281,37.30324723224406,0.8073424865373093,99.9329574043884
2022-02-18,113.61406203567428,154.9447898963461,68.81437744769649,25.38015574954782,0.896423911577213,122.88488801304223
2022-02-19,156.99043472630197,198.42645987872257,68.7506516596797,17.164290677252776,1.8752976373322157,78.4395195548054
2022-02-20,135.6509942934078,253.7325697163511,110.93202019355618,16.53159817495385,1.0826873724613,110.36838248582981
2022-02-21,100.37430490292353,199.97000414702714,47.740851828866575,33.94750375612795,2.8549405779809254,84.64054874403176
2022-02-22,80.64863065163286,65.03207284183839,72.77609239746424,3.3737689481732684,2.966342212030839,120.16215642960746
2022-02-23,89.05177424615798,56.64237124960964,116.07952903391086,37.45801192800585,0.5254098539758936,122.3230853621983
2022-02-24,40.09075812287925,167.39310733915332,101.61012297499794,27.07320980015281,0.6712569386724824,35.982776271893414
2022-02-25,82.78076242670949,152.02195039012122,90.56087050574506,18.046529549074155,2.85135673518535,37.06869096432533
2022-02-26,122.68710286231678,124.16387006108012,40.25179621046692,27.583999916806285,1.7809491143418876,131.605315092515
2022-02-27,77.25551706724816,122.43560725164753,35.734491804683756,15.445674880957302,0.87338929307663,31.48061147773291
2022-02-28,114.91569245986325,272.59343113721246,54.50362671640415,39.18424275051658,2.8000835921170633,81.03837902910608
2022-03-01,67.61230463179807,192.56708551211128,12.538344582816658,38.63069570155368,1.371344683832253,99.42780740338577
2022-03-02,33.889242687332185,165.6476212022751,48.53013885148465,29.969047626659133,0.8326219780129571,70.06020257348766
2022-03-03,117.75589035724444,83.8097769116136,99.09345624213438,15.7198657198128,0.5720672714326975,124.96746949845272
2022-03-04,76.08505517624334,79.19480582787605,42.04964320524468,30.567405067932405,0.28824493690037817,54.21022078296933
2022-03-05,46.22164918249709,91.34296203210718,70.47379520818669,4.875077070633887,0.5558773199862603,114.21395308563613
2022-03-06,83.91693904061549,215.05235223181376,71.8910847181118,18.950634930528835,2.032336872678202,135.53158797289518
2022-03-07,147.0167712151535,190.38612601527996,83.28325159908849,33.32951430403092,0.6373505571773643,32.189508339167375
2022-03-08,89.31502495844448,237.62184043224013,39.073986451564394,21.42523579167189,0.7283965450208132,88.29814174277486
2022-03-09,42.842898237491426,117.40627520279119,72.13868454905142,20.751027247446302,1.2495355386253901,27.273697792198096
2022-03-10,82.62314487982366,187.57768604334305,36.1061550424961,8.938618903521567,0.9171455412183362,127.540803183334
2022-03-11,167.0503753706322,128.00668333422794,16.024845436832855,2.7192409397524075,1.7778750295414214,112.75809240865634
2022-03-12,121.58358063197005,272.46750425757216,80.42818902263039,14.396672716458612,1.9446659683566836,78.89351718903808
2022-03-13,155.1899627124123,263.68875048946217,73.39551071627113,4.226947457708939,2.197618502254471,69.75835478251196
2022-03-14,141.72407061103308,82.70128817623322,86.31734694553498,25.167587778200097,2.3794919430711965,18.269725602127604
2022-03-15,177.95241725439527,131.9580517504349,98.86907395350214,10.217233341404732,0.860510189219367,102.88893800461567
2022-03-16,138.52484418088432,149.64688655097524,86.28720295743975,11.381172805874147,2.960432253607554,78.6709363770646
2022-03-17,96.47892647953387,141.07712324210542,27.96405068828567,16.06763589997567,2.743630930713038,15.041233117251391
2022-03-18,106.95752380220273,126.21130521411126,63.57063930687649,3.9361100436432856,2.6368464020611646,16.385740853827052
2022-03-19,168.5726299369759,178.34703311622317,63.178988488978455,9.373147339045282,0.5108771419356313,100.99156310331902
2022-03-20,92.01881665007484,40.76536357179478,28.7037864116207,37.44191690221376,2.5920448137713543,66.00606047410325
2022-03-21,28.877475875690166,234.38730705537364,65.2014346433275,16.06293472145586,1.6067116891117397,104.10920602485089
2022-03-22,55.022584120481085,64.65082489032598,17.420043047319453,3.247077263016029,0.9953992293733587,10.246515662454494
2022-03-23,154.8317657139921,56.85926233548484,77.34638603321005,34.90760750970399,2.5551248211187474,127.28911902420319
2022-03-24,108.14047413376174,43.28408854007317,108.16395518523949,3.8614494811935653,2.621013215057691,47.495997686705536
2022-03-25,135.7919211995514,279.17884198263596,86.65868273208174,4.869262792493167,2.0803188822213348,137.9680986894508
2022-03-26,84.99906124300061,221.21946248391296,107.07850714684868,27.152535930117224,1.5503410369723722,38.069655911705794
2022-03-27,172.159084387723,124.50458129450908,39.22028859416059,33.244897151535845,0.9600965023989396,128.31846484032775
2022-03-28,79.06049826234131,91.47486350169387,19.210724537334073,37.975276637880654,1.8763672750221179,112.86062349866818
2022-03-29,160.89075033201584,150.0440586290568,74.31314907392756,17.249827232117752,2.492229815253555,91.77107192625552
2022-03-30,108.00187870580915,229.39043856212538,72.93598117366699,14.606129318446992,1.3129227367776386,81.89500415459857
2022-03-31,110.7603672560485,299.3392627115363,14.919765011844568,34.60392047866866,1.7391346083843766,56.4381487065486
2022-04-01,60.27647732456142,259.64037675054146,113.69518922217493,26.090284201259195,0.6763677500390286,104.25460748638244
2022-04-02,141.64562763166646,88.73752249629855,115.11875104920249,28.45448149747556,2.580403089512317,33.05767112798258
2022-04-03,118.92889448369789,246.80759246919473,22.67527835477916,30.072786733104685,2.4049545012042985,35.0437236912441
2022-04-04,64.06262815249286,104.70973152371357,20.819553166816405,24.799850795801646,0.9725911636411984,61.65835522857817
2022-04-05,171.41642738148204,260.25465167065465,105.81728102828312,10.871230654704627,2.686902769109223,35.31602666651093
2022-04-06,29.82919352132816,85.52944518793808,22.423116131057473,9.868975943506488,1.2049758720454513,135.12660807830912
2022-04-07,42.80964397759799,199.6256440790571,106.84680738080998,34.49733869700493,2.9535230052067303,82.91229519000892
2022-04-08,141.41781753423703,172.95734537310489,35.01998157125846,25.643399987373336,1.6790928084169603,130.67158984602509
2022-04-09,44.63804274013654,61.11558920766442,52.65356966698051,13.988742800538178,2.343434712610386,61.82734933026794
2022-04-10,70.8328804512197,235.61889379795343,20.513360470381798,26.373401392396307,1.6257111124695245,37.93507291422904
2022-04-11,64.117136313145,201.57018343915564,72.84634068973527,16.36789528623592,2.7136892016323912,19.796496280399587
2022-04-12,115.80924677624027,181.88799755783836,69.8498886166953,22.81136390180956,2.1051547568271554,18.985014954511165
2022-04-13,68.5649178497455,227.54205978953405,61.33489487729159,16.023229370271025,0.5552278332003192,101.44928247643067
2022-04-14,73.36368005040832,121.99208474902105,117.13636152381197,39.11276517367126,1.5843324102012715,57.90296836488319
2022-04-15,58.65856374394669,220.43091991325463,104.62089507912829,22.664389978408693,1.569730627706977,57.21092315286483
2022-04-16,46.18718463141525,194.82054160801525,49.888706648499976,33.76358883697913,1.1947768735736908,95.54054327094116
2022-04-17,150.9915556562802,159.92068699692507,89.78624908539076,3.575993777866129,2.6113296763985527,65.53508572552417
2022-04-18,73.7062338224262,292.6827203312887,31.224924861783624,39.616418532399436,1.654463857521404,49.49146042493818
2022-04-19,117.04574647263439,288.0633890318858,93.92924812668657,29.94759873021551,2.6004914360887628,70.3665438151092
2022-04-20,119.11209132020721,163.53307460129977,85.35185636082409,26.211649598673652,1.6467859667172573,136.04015856139847
2022-04-21,115.67954701380987,277.5187105682119,116.64253315461073,34.273235175585114,2.05402790832297,57.08923028968231
2022-04-22,73.36371184051725,191.30007028505946,46.775608280702556,11.80686403374846,2.5397431931538805,102.20855417654602
2022-04-23,46.129635522093935,180.96786887428013,49.40251016490089,33.30752026430351,0.5325904403003662,131.9595333279173
2022-04-24,134.30116457848015,270.61472502183585,40.584833225089554,14.048204592045169,0.9483268637606266,60.053451044169606
2022-04-25,118.64145780710034,234.95011256394113,62.579985485043295,9.890296831835034,2.530243841258767,31.686564895441318
2022-04-26,44.33313216381181,135.05542412103517,31.226288985286335,39.97793914984722,0.6271921496521011,61.85878970737186
2022-04-27,57.539552822790334,285.3514309617582,93.31239403583358,25.22177843414222,1.5543474613434938,107.32478648913336
2022-04-28,143.3982884841691,158.75496818542155,14.64171849547148,13.556512863391577,1.0012930947760803,46.178284817591376
2022-04-29,111.74220422531279,170.21339211402073,55.24680131029131,14.0010587391725,2.506882553559076,66.70647461822182
2022-04-30,156.12348805034262,223.2174259042682,27.204250818025997,22.391002662384906,0.9281525347479584,111.51748204870134
2022-05-01,68.55721589921258,135.5150837478763,27.800244551381603,28.813086337159767,2.9650555666598937,75.26779027305724
2022-05-02,116.3829463899655,200.12319087114025,10.5026934206283,15.086040824817712,0.39926186273984243,124.43804054080346
2022-05-03,100.93094356352411,152.23609926951372,95.77077354943353,34.46010540202107,2.7477503086714994,42.36235927775104
2022-05-04,170.4146815669567,177.4488891433202,59.917090517424796,14.345341826998085,2.2271048797727775,17.476557770408498
2022-05-05,68.49023783928656,50.06150870964642,70.8603248374285,23.720132804335584,2.981529927609578,92.9938909955372
2022-05-06,62.8324126539289,100.7202658644526,111.20972424591056,37.06082618677134,0.7310851286548194,39.265385624819444
2022-05-07,47.711940818654966,257.84011491550416,13.34106369360309,14.401639378672307,1.5410459038700413,85.53005507042822
2022-05-08,25.785553705333548,267.4589428762773,65.05131409142268,35.59901735779856,2.098762657723167,88.55703304119243
2022-05-09,170.15517681630382,196.0371678372586,28.1446864554382,13.52507508584381,2.697563886873189,14.229720373212269
2022-05-10,140.32074056957947,177.80675898094336,97.04030506091082,28.637201556001532,0.5721407600875588,57.885496158940526
2022-05-11,66.19070518338633,144.84736752244146,13.855384490602392,28.290404484595896,0.8666440126054618,28.28015787702399
2022-05-12,93.42052874971408,79.57587945144473,90.11912131683381,29.282070773162783,1.284514368812887,62.99453938620594
2022-05-13,71.85614560978462,133.35035438509476,107.14854118474076,8.52274140015601,0.9876656807311099,57.66742621286123
2022-05-14,144.36763571318806,240.2498114571139,79.02592987225567,19.636049940458285,2.996727631570377,122.90693381214773
2022-05-15,27.442579235362032,143.99008198568725,50.75698719600465,12.675247969235636,2.405068079540608,123.93762683744414
2022-05-16,173.43999642935754,190.33035422628774,57.24559656554529,29.52455195121299,1.8786985762502255,78.14362012468392
2022-05-17,86.96955781670954,183.37813198373254,97.09043633984186,4.467336795932011,2.6329517539397993,42.34755422604199
2022-05-18,77.32911432654335,128.7927681496797,27.456715087355377,24.09976123923738,1.7987758746272826,48.149752376242276
2022-05-19,172.63692654675245,43.22380259468426,114.89800777314444,38.59031326291932,0.6612167548095355,133.00962929803907
2022-05-20,83.80343700090266,180.14390732991777,93.0067434455609,7.549005175851432,1.2724432203315594,56.44299427559817
2022-05-21,64.18495867557546,288.50412861640524,89.75053413132304,37.79708398957193,0.623455236460231,118.95496570588242
2022-05-22,33.08952742545175,229.38672499455188,47.21903737814421,26.978048174518026,1.7341110661720163,121.2882191409091
2022-05-23,85.83382374064612,116.70180655210235,54.80861456681814,21.365269145823586,2.92336753641265,99.82400456485122
2022-05-24,105.12079071960444,272.31568038779915,96.57542355885475,21.380552201156213,0.6467833494409225,20.489221551634138
2022-05-25,144.80969509032127,200.83718679108372,114.8112686350758,21.830471268510923,1.7640576064005633,88.0906241063023
2022-05-26,171.238499572661,44.13440657602946,105.39765830870422,8.760787985621574,2.643402944530439,107.58434734044775
2022-05-27,50.18925460577789,114.68845879128304,22.924881541464366,35.30168011374119,1.8310804572364248,80.66311863128911
2022-05-28,32.6268906305433,105.65198455226387,58.340586777732355,20.643822154819226,0.6669114624626267,56.07646228401148
2022-05-29,167.56964503470064,234.50083233763604,97.19077925774485,26.802362317291855,1.858161311794465,94.69430885268217
2022-05-30,176.84283992211027,188.4932041739248,37.56358965685878,33.09759325166077,1.2990341656490827,26.285080429419573
2022-05-31,76.12828600219503,152.5596948294705,12.857212833874236,13.793498906286446,0.64226813974094,42.98008278345779
2022-06-01,57.138001436299945,107.40905344387453,47.90706048134828,4.29913921207458,1.4602304246391413,110.58998901606162
2022-06-02,32.50420817272822,181.05846686392428,70.5064612054946,39.95010546916845,0.9556173752650048,66.43588662431583
2022-06-03,23.847006126225683,273.0509807683054,93.97953211903585,13.783740183051062,1.177026455438803,137.8964488651456
2022-06-04,27.77166979561386,145.72094634715026,31.282215712684618,22.789516659026283,2.3644464478527625,63.67623911875962
2022-06-05,167.08678376005776,141.65301857110174,20.369040960768466,37.26487484382266,0.3550166062431805,84.18929845508642
2022-06-06,50.67715028066921,137.8883574118767,64.27060340503326,16.475056285509968,2.386404313105733,36.65071334901913
2022-06-07,53.243067879372035,112.67840052180077,75.35650214119838,26.770857369085462,1.8019793100338877,110.45386036239093
2022-06-08,67.07173647393064,216.20195090630816,78.53996042169051,8.100457647072355,1.1599525744160246,139.60484447493874
2022-06-09,133.27635113206753,60.93105346434278,29.711166239712163,38.1243532575512,1.9678992430161788,23.81201877516402
2022-06-10,178.79605169100915,241.0057585748453,56.128831576671324,25.563537876976973,1.7192830694070096,132.7802673950967
2022-06-11,57.01351070978497,119.56891226130698,91.07821218544437,20.056044127165485,1.9806670015334136,91.70913536368823
2022-06-12,172.98192290970587,217.9412460730834,97.27359404345877,22.415227475820085,1.252756978091258,139.05560844353062
2022-06-13,132.19160624840188,212.9420912948448,109.11225711727656,30.395505946297714,1.0658538166685405,16.60896480451285
2022-06-14,131.91120657614053,275.04793085976416,113.4345834694098,24.787783952297552,0.7327135021382294,63.57333931004773
2022-06-15,134.62913740538733,256.6938017104295,112.354765714582,20.993160929687793,0.7049184899165148,21.069725080758957
2022-06-16,29.314245423411336,129.45962077894373,24.51142454403371,6.880813263773132,1.5317940218642592,106.39857177855922
2022-06-17,47.34032880607634,299.30963597672405,64.26946553697553,30.585675269773212,2.5262472245367054,135.55101674938848
2022-06-18,40.8632928374913,172.66868910783805,41.45882670676105,26.767821321177216,2.765367755087962,58.28418729458788
2022-06-19,113.79765538640231,92.68824526533876,24.756782290899295,16.957698010633045,1.111050023677665,66.55756777054023
2022-06-20,109.4414296049475,258.42595050754574,86.00105891633443,29.299210351130377,2.870383199736543,66.69305214843362
2022-06-21,65.25811268037779,74.70168070576685,93.32145367426425,26.191410578178186,1.6874368720890982,42.80167130706852
2022-06-22,139.15563670268844,144.50370572281156,105.175304260593,21.735429546421972,0.8558127419935013,101.8587677761898
2022-06-23,56.20663312706732,260.9223266179399,33.38068535540184,22.99033466442058,1.4256487488386171,71.60178243955005
2022-06-24,39.47868760440977,283.2569217417092,94.83632251654461,22.040280621584127,1.5499570853084537,27.254709161479678
2022-06-25,101.56972686428668,247.19946653959136,46.584874927913674,19.724372509957618,2.8579160205179717,130.4727351987726
2022-06-26,108.75421291644146,246.26785365403688,79.88834671457678,9.131207347379338,1.7321074712064566,73.56629293005201
2022-06-27,158.7271817099707,88.7714570414595,98.83223409928816,37.66965704159811,2.197584539321716,56.27580314599166
2022-06-28,87.1543364681018,58.64442319472829,11.759077680495597,26.484077413670423,2.781171400901739,83.44748076346923
2022-06-29,49.54632576994504,85.89922683919536,91.46021950530805,9.987270818549456,2.1850821936285683,82.11312258302206
2022-06-30,89.6959647040457,232.9308725542299,45.951427479747444,19.743154818655636,2.511309171817524,108.9168661613119
2022-07-01,94.71312890580505,137.50065940202728,11.275865794223538,8.347130209142907,2.631550930967564,102.84089195215822
2022-07-02,85.52954281391663,160.85286779051432,116.47315265000735,18.383162477794023,2.667004990877601,113.7036021318223
2022-07-03,151.38596847987802,265.7804241888725,46.04578347760178,5.955004782625525,1.6481004914726174,137.3696631605468
2022-07-04,86.82494913137867,194.6322070488663,13.300010404596126,5.104066039559491,2.145542990281761,61.27714089303385
2022-07-05,116.73132073336221,280.17302933108425,78.43008974920508,37.511625576312696,1.8817466384534562,135.15201014946643
2022-07-06,104.79754402630982,175.82572906710135,71.65907913478121,10.685853154222542,2.4866106206201724,29.43889454984754
2022-07-07,104.50197375750977,182.76731051826923,58.74913540567324,4.223396889798995,2.082244887111899,109.07673707797385
2022-07-08,53.03940911552008,295.05280472155357,118.74668618398232,33.66649571563502,1.9115839709929392,64.30271273642708
2022-07-09,93.4838078780273,98.04179790368586,46.61852037336893,3.6183205454303007,1.5175699511278677,109.26510981342086
2022-07-10,84.68422502067347,265.9750368729326,73.26648761366633,22.409262158891607,0.7389249423624786,79.80169453442397
2022-07-11,161.85073264251517,97.7067625714267,36.37139719337475,28.630136785069087,1.9447161786303166,23.57157881974019
2022-07-12,47.4371808748408,174.8082999575106,57.65784683115115,37.18794792062887,0.6753315847401893,131.24064666635775
2022-07-13,44.95592953637164,299.6343667504933,68.71132240252778,39.705863117981444,2.1733497482687554,111.8614339972415
2022-07-14,96.50195915173217,219.3115818648713,87.44922425578729,31.600123883903432,0.24509800292173103,70.6247078480155
2022-07-15,95.8818243761175,293.41660177220706,85.43874412115876,37.60057397361454,0.9052761491265837,43.092455514262056
2022-07-16,113.43383391600233,296.317488166876,98.390298781596,20.778844486212584,0.7327061852167218,65.46363711791551
2022-07-17,42.39745054161054,79.41618075318202,13.117536175163586,6.43943235192537,1.396528980695305,69.52896155223013
2022-07-18,158.60352813670605,52.20768983701329,31.80310315669516,10.29663405372606,1.7111630125469273,35.91225908241182
2022-07-19,40.39702743268915,273.8809831021573,96.98864082075772,21.743885662189587,2.1760641706972894,106.22753007142533
2022-07-20,24.781202524964492,240.35735542518094,85.38907046982794,9.295964317844142,0.6551310052933794,110.45524872054122
2022-07-21,68.32322111205119,219.54793340608475,109.99685489255181,35.712025315446915,1.8097331757759225,62.44566366959717
2022-07-22,48.46192730598139,125.17627776319657,34.89966749447915,35.35007266902103,2.6744528590365615,124.42973219667226
2022-07-23,94.93020739781107,173.92474004967727,52.96459552673907,32.69851372490295,1.1725034848671547,57.69576672196054
2022-07-24,178.65619418336442,157.92361535967635,75.76050339433243,37.243164048804985,2.7804720132035463,127.24877489194677
2022-07-25,93.58365843978228,132.36527714169208,28.731230635362174,5.898049818858803,1.888237316645635,72.83291502250981
2022-07-26,177.76789673529674,55.57039435454596,32.956756794700254,32.98715917895652,0.939372472187215,116.43022583454939
2022-07-27,50.26137541737009,142.2639451279299,65.80160336461478,19.33196733989114,0.28256895725418785,85.15400275503828
2022-07-28,71.44585894215928,231.03702840495671,54.89992068961804,18.865442067855092,0.7791458067154118,39.189818155264035
2022-07-29,142.76745581937422,271.5150643155274,73.00115728385825,11.955158172086437,2.849055187122593,68.11364345073179
2022-07-30,179.0196163460379,242.74765466755332,12.741801225076879,11.9387467731537,0.8603106670522997,101.9057372605773
2022-07-31,39.08957695726615,180.18547508996764,41.45116394114744,13.529663029393394,1.4450864906721244,114.59340798515842
2022-08-01,156.59203577426916,288.8857626775532,59.132756988683454,11.441741219846373,0.9354014413234504,35.39801459726287
2022-08-02,151.40045034868515,178.29752741806604,58.290505448119035,38.93301029271672,0.5201835127890244,24.3363578205661
2022-08-03,61.30602235754459,104.78200010842268,34.200189901929505,37.26557669727867,2.0391774056198524,139.51737983474538
2022-08-04,47.14417132306666,293.9087946476525,28.370320751642122,39.387072145940365,2.662661106344182,123.05282149489194
2022-08-05,159.15779764888543,274.4330887711811,61.95269039721407,7.316868207607937,2.2771060733506006,110.0475837551894
2022-08-06,98.49926482760502,174.1169033294572,106.60153388915691,13.09600252948391,1.473903360836796,86.99933145370687
2022-08-07,107.80732167975124,295.1482514268605,114.88298298225142,12.643119512328374,1.4143289370285608,52.235031402083095
2022-08-08,27.314300206791238,191.83070733189928,104.1967368380099,17.569473827859312,1.0675019791282383,79.41434293915644
2022-08-09,75.49520219070811,180.21433401051442,81.94291665815362,34.77628526505215,1.3529348301722626,85.15490580674518
2022-08-10,74.34100680886102,63.46081052268549,69.5218439870101,13.97240300364954,2.202701678063668,97.6387296020163
2022-08-11,70.93041015194166,285.701494841509,59.15200563923214,31.439653146633024,1.9910618231822474,95.20084774799452
2022-08-12,145.76050469318062,117.02963907265242,31.25709579955819,31.723609898553402,0.5519459456295783,40.16458597135524
2022-08-13,35.854144927991086,292.6231892533304,119.64834849708143,29.63208399348727,1.3807718046702626,63.07628063822102
2022-08-14,37.1751855713514,298.2790814795187,29.385281075948345,29.55253368945643,2.995366905046921,69.33251106801538
2022-08-15,58.12664074077033,142.95518392575642,87.43893154860169,2.146662421924309,2.654608668533291,128.71823181147303
2022-08-16,105.35993254103262,93.62503732061498,108.27614127217618,25.682957423038868,1.6044850888387414,89.82074367642257
2022-08-17,103.29486033668883,113.67540013836091,27.270407433379233,10.87222143894318,2.3782816412679337,71.29404041150923
2022-08-18,159.46316931721367,269.31058415828585,12.249407360054576,9.128461107238422,0.47756410112181047,85.6521329169598
2022-08-19,123.34494663858457,63.68910124380821,61.514346907623754,22.607043582702385,2.3377259055334334,55.55297454475788
2022-08-20,74.2447026127664,172.9785725363512,67.613405578726,35.28223065602444,1.785310699164229,44.95865831310749
2022-08-21,63.424369392854594,82.64235050256954,88.06794819999983,18.057693971281573,2.5628075731503928,13.149660747291463
2022-08-22,147.1180032359067,176.43589739429495,117.02927774843133,33.994727393154776,1.9154769556443185,52.950382104150194
2022-08-23,135.10210081920664,198.61521937717384,58.53876688461362,35.11434040400867,0.4616324819147494,11.07522014022294
2022-08-24,113.17747354471328,81.79480194583681,60.305657111809204,29.411611316216437,0.3459102265725413,124.42319007343767
2022-08-25,172.69281145193585,48.777764893441436,67.04662900670061,18.075685191724062,1.1034771186588357,64.2594263727421
2022-08-26,67.50014731272165,211.71693142816414,118.21619817992178,3.357471851832035,1.8826751801518309,139.80872223757723
2022-08-27,99.64011969325219,285.3427555165346,27.70396659406923,3.0325371373233825,2.56517614154657,66.57953845588088
2022-08-28,96.23606438427687,155.81186533360864,62.753633273547514,15.424425973495133,1.7612984396149776,75.66208205622338
2022-08-29,56.16263032163103,114.39559027073084,89.68138794358981,35.61383118121004,0.7150140298333025,128.0570854471352
2022-08-30,30.117160618333347,287.6496828627825,49.33398709577288,7.620997664714477,1.6196575854393866,56.657516920383934
2022-08-31,173.92260733117848,233.1652439437847,30.289560522855766,27.8628372276158,0.3282780253405406,93.09452091297148
2022-09-01,142.37214604052866,86.44804410450476,77.87307753796895,36.661175166663924,2.504117157176332,136.81775409364582
2022-09-02,28.5102052501799,239.12733861383506,100.3287268170335,36.78603109844734,2.5061232392672275,52.03863806651873
2022-09-03,57.193540460639824,217.55374588469837,111.26317089713596,23.684813678093455,1.3259129075486844,117.9810122190268
2022-09-04,155.69260703711225,275.57629748621207,35.78678612629919,24.047169541429085,1.3871978079107743,101.39833084414296
2022-09-05,170.2898902657824,106.48345887045721,100.47548026461536,13.851869750658778,2.170558734909235,124.31855044249723
2022-09-06,106.97506258301402,136.90341127507804,38.36391014473638,11.970932436805866,1.192405300605052,25.338273922752578
2022-09-07,111.57281160549368,82.71882787014778,97.76169584578476,12.906184021380454,0.3039817929225113,76.8154345170875
2022-09-08,57.33671096399425,47.510798327591395,17.482874333907965,16.544359275971384,0.7263280946415127,81.60068273461758
2022-09-09,41.87826926781503,94.49371443723862,71.17553798682741,14.01820519078667,0.9955461187470587,99.21270243592801
2022-09-10,126.56709069149923,82.62857973744151,24.43893874699088,15.723529918397865,2.979954174684048,73.50656480731656
2022-09-11,139.022534199248,193.5185345431699,91.39057714980476,24.96401037732932,1.581295728884326,107.60879210359413
2022-09-12,67.50082994428274,47.374417175446155,95.30100457820654,4.568122379170763,0.5824900279683147,119.51808194575601
2022-09-13,45.82197617856791,288.14477902751196,16.77508651045363,10.707416943146692,2.6646829534497307,95.45104832270071
2022-09-14,152.9438541174237,102.20476682899121,56.184357910171585,35.98595978691489,1.1266556029314587,44.073067212088475
2022-09-15,174.9039634704349,112.08858419349387,18.327528252396824,15.665990542336786,2.194861863553451,112.96905851403154
2022-09-16,161.191010378448,217.40055110806162,22.40698434233409,21.27189697110155,0.23429719614490296,10.6210605517691
2022-09-17,83.54851428904838,218.9879434120106,57.20257147616234,21.153245975668778,2.236633598105749,128.73161470639275
2022-09-18,127.54193869558188,224.2964472097702,18.348717786057062,31.100506564063153,2.831302991697831,121.1429409971782
2022-09-19,121.31266172996199,285.6401240883575,45.80988453121815,25.230545333228765,0.35370836684154816,11.584422804575812
2022-09-20,54.38070385671557,193.88436973472278,47.8108084442188,3.7356271104592107,0.5882988398498061,49.07136627515237
2022-09-21,118.44979839258825,125.81092594838897,57.00193436322854,28.777311822746483,1.59075731215157,64.4322045693797
2022-09-22,106.26977389435132,150.31843591480134,28.359315133893322,3.0225928260400323,2.828128491415781,80.12017918443388
2022-09-23,120.11365603820028,276.07999606270323,89.90877253430999,37.718703561653484,0.9572725388315506,45.79130196666856
2022-09-24,111.1298607639838,59.29944757133593,90.0116639665796,7.757043930129759,0.42320157905616845,127.61143335148233
2022-09-25,101.63817814100952,113.22130599804544,95.31370382128168,24.90323570693318,1.646438728854269,89.689860969007
2022-09-26,132.93124504018323,89.51760334006919,79.48025729951239,16.616059493541403,1.3021758834267312,94.70117112098306
2022-09-27,142.60413998355511,159.07288230196752,74.07546160408138,34.51906499066253,0.8963891646371005,81.37513268532054
2022-09-28,153.17106005107757,261.9343081227099,110.42105265235699,7.435219551943677,1.7517553543010755,105.92452584190936
2022-09-29,74.65732680025125,213.32127418352925,32.06819991298663,17.528570235413834,2.423689776679102,117.49649124247853
2022-09-30,31.429436310669097,75.18539424689658,39.90176015524717,17.269370058980634,1.0552185505287346,62.19733348526859
2022-10-01,147.51860849237084,262.1993285949756,78.46389694163655,22.632343623161383,0.33923641182866093,71.91966747944147
2022-10-02,149.3763502801915,166.90307259541504,21.5789838287073,10.291970193061838,0.285577075930223,39.051359771672686
2022-10-03,46.36138427462132,223.56082851510243,41.49746594378032,3.7650315176682354,1.0952271941236298,122.98162264747978
2022-10-04,114.78162241835153,90.45331964982095,56.85293364515111,13.639700259278232,1.3885483348723657,51.92444599170743
2022-10-05,71.37121796851466,285.8089817236571,67.10181023368048,4.778099429946905,0.5004421392445829,67.06767756323919
2022-10-06,124.16605077106118,154.7341730574374,43.34310578461951,10.810533092832836,2.5106782031781103,66.73578451357483
2022-10-07,175.9718856729466,259.936469728396,45.226392658680446,22.43681499018207,1.0834785192996117,25.953326119676845
2022-10-08,140.70837463820365,134.54912897611987,52.769770415658975,17.706936233520864,0.6124141379017631,71.83946732846019
2022-10-09,113.06642264784745,127.62720064747977,105.63079204020366,26.02676675033457,1.194945832132043,107.05139407750816
2022-10-10,165.52385726669672,251.53700533075678,21.991921552445362,21.627544648839542,1.380706188294448,25.504413961478704
2022-10-11,156.29145246839263,146.21220252471392,111.77095311761889,36.246113321441314,2.6523918279414898,29.50672169908871
2022-10-12,71.58259223758706,284.1108754354322,84.39416820598177,31.42504836758838,1.6077504184690792,75.93368606795714
2022-10-13,156.42403710527287,209.15729099879167,85.41484603294835,36.29820325802131,0.5659887065776241,96.41055534800539
2022-10-14,179.2626130327959,145.9764242417685,20.56754905692611,7.696349087170508,0.8942279381769216,17.911656226341297
2022-10-15,35.197391695941604,276.28314774004434,25.386011310425133,3.0492737819490134,0.46816034045178084,98.71339041439909
2022-10-16,70.42230542617918,84.23060311701153,43.09912910798205,19.613043932528356,1.6246097586961759,100.3843208782051
2022-10-17,39.30466591212094,158.96132275377298,58.76464144346875,22.764255921224567,0.6949745413679073,79.91662701184681
2022-10-18,127.51277594812679,258.3153361399665,41.99617247207806,38.11050093896804,2.936989435188683,84.17047530374359
2022-10-19,123.77164853633758,284.70883674734876,75.22026437987931,3.827201699781947,1.5594995109012064,12.514065643303613
2022-10-20,52.352430279704514,73.3224032948498,87.3974376088098,19.601508848852845,2.1323249895162095,56.68386874616338
2022-10-21,75.50091211504544,92.95394687691186,44.28681016109228,13.146864784211818,0.523749913488124,97.06278994392207
2022-10-22,130.16141890440298,192.2221381985032,116.5106699709456,7.274020969526009,2.169823355704259,58.12287866750589
2022-10-23,54.09984272717843,77.84587235838274,34.317665890437524,12.659736055791985,2.628475155045311,46.94740246052074
2022-10-24,142.5510962129388,272.95698910857277,30.705300672079638,6.49715645813728,1.0578117139873275,65.8992338055742
2022-10-25,88.72199129147862,106.41244934155374,94.75061346844126,24.60470500799343,1.2335888665367083,18.144747177971674
2022-10-26,92.99458939392194,139.9885154998962,29.00586427120632,38.99129030147951,1.7078346565420488,34.65965777999345
2022-10-27,144.85880230569137,147.2508240953918,42.59743480856404,27.545600459034016,0.8763237410787759,39.873585888245444
2022-10-28,37.28019323825849,222.0773126705466,29.051802287530144,13.663703744900081,1.197523815830389,80.2761724290992
2022-10-29,80.48154461654937,226.8338271176545,112.08904157923678,31.170664778708115,2.850741130117412,49.35590070410764
2022-10-30,50.445914047453435,253.05427371086316,109.87454726984575,13.287244086081412,2.9738157015477777,131.86998287270256
2022-10-31,27.714393536840483,272.6707883215686,118.17710691449031,14.217365328998868,2.9674110501997424,17.125108185238943
2022-11-01,53.89455596429695,150.8658510825872,50.73160151217095,5.315467219602262,1.127568374213497,135.28218181142176
2022-11-02,42.43855070569268,48.190735137724964,115.05291931898896,23.940975881664357,2.220303977086188,134.38877818532262
2022-11-03,35.14370385162014,284.49951097228313,55.5611144074193,19.571044815270216,1.3322574045376239,18.8956838266595
2022-11-04,128.76373329566775,171.0538126407831,115.23136285806711,36.67510638558359,2.0715212862867354,10.051219083207716
2022-11-05,88.21911574148669,97.62330509689117,64.02893708749468,20.040721573211194,1.1086373208622144,68.73947085184187
2022-11-06,60.53940692357347,187.77225714612044,82.95195686843091,14.797904573497522,1.6825040003320826,128.722726706008
2022-11-07,153.14587198520988,254.51335241329338,51.36891101837134,8.959003468112847,0.20542811474712752,17.261249032534693
2022-11-08,136.4543822776198,125.99796633266155,72.02292351627703,11.48866501252057,0.5727280159431813,114.45904523197268
2022-11-09,151.54320298015796,253.4333198267297,71.95196174612624,23.442582194004473,0.24755768728981634,27.38072885605618
2022-11-10,133.06585484581842,117.58618393332951,38.25835868321464,23.906910666067308,2.8223765105954164,31.938186018332
2022-11-11,111.93173777168333,277.3543781705856,17.671477662535946,25.383754359362136,1.1214746528945987,50.376832118579856
2022-11-12,133.4592941265646,90.27599984944011,18.08349681236502,7.31898654815699,1.5688853461228738,73.38243664668806
2022-11-13,38.717108257393384,117.4996809751736,100.17165131260855,21.294439679708955,1.5744170240010367,132.10751304116008
2022-11-14,178.1941502435688,257.7657170586268,17.37262075411207,4.8345977106012485,2.31382908428542,137.87631965082892
2022-11-15,95.6199135615695,107.04897488548103,89.65714743884621,32.30740358169844,2.108393871751994,124.85973274369871
2022-11-16,31.343722228669098,171.30954975283547,95.74380157927757,32.04726912556686,0.6199943145736488,136.72557157291857
2022-11-17,160.12073155676345,211.645347199322,86.5325161675175,4.860204388430358,2.4154180372050837,81.76746365171141
2022-11-18,109.91303927165478,261.0638742234544,114.3015697101239,38.66481991177392,2.7361413987899326,101.25697335669864
2022-11-19,77.26902912523984,287.5592532183632,80.57951156114257,26.136357313093804,0.606224953152855,137.550197730006
2022-11-20,30.024254866728946,217.3788033160042,47.34532041562811,25.386797836964252,2.0875934657250625,30.125284506050065
2022-11-21,146.997875844911,227.33399121692554,50.577913516296114,37.415113605819364,0.9957417849008694,130.51866368635865
2022-11-22,61.327865545333324,154.02579919581456,114.615483282681,8.79808913905098,1.513870852623914,89.73556328934139
2022-11-23,131.26199585972017,135.25129449078204,98.85843754032305,16.48740301478185,0.5432504734784445,132.13171873668938
2022-11-24,123.16249055402166,260.56336516383357,60.17097941850944,21.044198641817868,0.744027079414139,36.90153514999644
2022-11-25,147.52852549578702,240.6988611028896,11.699599728958495,16.258329900572146,2.416765388744832,31.723358901614642
2022-11-26,130.45688664654807,217.40222032613468,72.17030344214322,11.227821532138194,1.1195749012904943,67.53007626764459
2022-11-27,37.21535451132578,151.97099682093526,28.940340626143755,31.72779354943285,1.0509346634247356,67.44982552718913
2022-11-28,176.59853493993285,150.7349659350528,43.78988000170231,30.020570727195693,1.316575549285169,79.22171213313132
2022-11-29,134.33471923840415,189.67659713152926,56.01312947284065,22.58563475631573,0.878118999785269,10.494371761940208
2022-11-30,146.3741509575162,134.85446124610982,89.55518247884872,24.81221781929943,1.1167601670821543,102.95209470975044
2022-12-01,141.6361897707612,220.4853565526025,63.942153653100235,7.790179795452499,2.6453699069988446,18.469530996074006
2022-12-02,41.16892141535678,63.76385616459601,34.307583106841875,30.39578714354283,2.0636477383309195,66.2235413515975
2022-12-03,173.304477614267,172.388244869799,99.74692999045516,12.942998119660738,2.2910238191850625,107.38238502354265
2022-12-04,179.327061490311,175.0538923325801,51.756315759847524,9.02919135255836,0.9029096999895494,72.93104805809459
2022-12-05,147.20192096620656,291.49553452905684,61.125965739844546,30.646022751857856,1.547871939067259,133.038877289937
2022-12-06,125.91556638240739,171.7348350372552,19.241905437252107,21.865860767868945,2.980197933624157,35.02923378262338
2022-12-07,88.16382563152305,259.27857468879074,43.31611230969453,34.8610844048836,2.0238355357489337,21.599685958411825
2022-12-08,100.53155949106275,219.18019879673636,46.362156378790985,6.175296168704248,2.0430576459197773,36.87794002450647
2022-12-09,38.26743892494348,186.23154561650114,105.33786756353074,5.932349974297773,1.2492118471169682,101.03757801181938
2022-12-10,75.09132506536139,176.96211271243206,103.26339151191557,14.408527632945527,2.4821969531043027,64.24092940956221
2022-12-11,97.45818854865242,40.70317312148226,13.1848872145361,34.62354378017188,1.15991561793374,73.65192589854557
2022-12-12,92.03321224881337,275.69518076770635,99.26119844562588,26.680995542553873,2.941809330143023,26.230696214231045
2022-12-13,119.36255919735737,207.90190159160184,60.62921805843802,17.246700915810965,2.339288312622399,127.82594155911966
2022-12-14,159.16293863072366,80.64908727435161,41.22992974471376,12.096746586619988,2.229516523465579,30.185484276120757
2022-12-15,164.01624073223513,62.34833721224502,57.98800695118409,36.617408425125525,2.5923801919269107,92.25199015669477
2022-12-16,126.6281971919789,42.060823150285145,67.86568358421411,10.29570164910735,1.6985333468075554,49.879216249091826
2022-12-17,99.30437463815036,138.79815869112707,58.98621209673027,37.76721219608223,1.6716580722396361,64.41475255598397
2022-12-18,148.4313144137713,59.66594326051283,102.580869411501,38.283283938324516,1.0308740360791648,66.88130540723537
2022-12-19,117.55282582126438,253.61298540889263,100.66483518234352,5.488794233939514,1.4136765201163952,103.95141031603741
2022-12-20,39.23071837844036,266.7618452775228,63.57143054008416,28.70027471832157,0.25003461912440195,18.872311501500626
2022-12-21,160.7020981243713,157.96879706889854,12.447090261274205,23.587873798749868,2.4599354620598626,135.31840169785994
2022-12-22,144.84828593288833,255.18354092788866,74.20795121726505,19.181040860649663,2.5216521351469514,38.850126363464355
2022-12-23,53.20971451136529,250.38267536055343,91.3836463077815,33.337774156095875,2.2608472236005817,136.75732246122368
2022-12-24,49.212845123684716,226.82634564450294,114.8186316474843,26.775000377154235,0.8250221958455837,83.56671303737498
2022-12-25,68.1974132573792,203.20150547558902,86.80651007965851,6.619485500863875,2.9678741644328337,47.584335543540746
2022-12-26,101.61230211087224,220.40245227301037,47.508098376097166,23.880615025239422,0.5620900900698851,110.08574130668711
2022-12-27,150.00991357619606,152.3037377111366,62.60275774532665,2.6372904087438265,1.445499378018635,52.36530369412791
2022-12-28,47.902622121598085,252.89086950879425,73.62485709170379,37.18619343177454,2.6060584510301124,107.46634291215716
2022-12-29,158.7720082499541,167.97731619899528,78.51356311918241,8.841555187646147,0.7460123719187974,64.9742348102364
2022-12-30,57.185590028371855,130.9799099490149,73.40294364841509,13.706544760648274,0.688473527712165,108.74538607691882
2022-12-31,147.11680098394464,201.12408461223336,107.92061306787164,36.06748927376017,2.685664894866454,109.14391733289128
2023-01-01,107.69134924723922,197.73480007227613,67.52556416650009,20.567219820908594,2.549615242808008,105.41852625723969
2023-01-02,64.97716753658835,45.25710172729448,67.30377096012197,4.8945283746970745,2.1435710696182957,30.446866399395127
2023-01-03,160.25914334479134,83.19035661427338,104.8948825701797,29.827592094361005,2.5914508176046773,139.06374754349127
2023-01-04,136.9325178378054,218.7218941852446,51.77916649135435,17.318203424525638,0.5596642348282286,22.847914998657984
2023-01-05,99.20324554595331,204.62118212468258,60.382142438072236,23.3302569670729,0.974384543981863,138.99832417084326
2023-01-06,87.31935165492627,204.33805319670074,117.57066996728113,30.144875281585012,0.9044200616165556,41.007657618357825
2023-01-07,41.056099290146015,285.9749025036456,65.80434903062357,11.775999638142874,2.0502574034315257,67.20684032105291
2023-01-08,67.57350983908276,120.55539720484572,21.729134680238797,29.66188918426432,2.173502361399351,127.90959397625856
2023-01-09,143.618503088907,67.11893473384549,62.89946569896954,23.16124800258914,0.6188609073254332,117.23673878490887
2023-01-10,160.70630421620396,96.60908731138414,87.89222042155326,18.35358683719227,1.2171758931896055,66.78800484559741
2023-01-11,152.73058906414425,189.3752487060762,69.01747232460906,30.8823141373022,1.642153325832855,36.16387678340515
2023-01-12,177.22674408726408,149.09234170889778,91.72875171605415,38.10985588892121,1.0923428345558301,119.16101395329353
2023-01-13,178.81342006527962,46.359125483825174,78.50429141914587,21.736309087965186,2.0014802561450638,21.690631958613633
2023-01-14,76.2010322622257,254.3451536572487,76.7029418438952,4.573399403225263,0.9865846928497266,127.327503249458
2023-01-15,113.20239182420625,218.57853873321122,118.67102758537092,3.829794941038562,2.3340212143439016,96.08671947021477
2023-01-16,149.8971393256506,153.02348189424154,35.4431486615506,15.116295479675186,0.7802934078580657,57.04376467905767
2023-01-17,177.19758392493614,248.30953897727542,115.76671755729505,18.718101064176288,1.5829619200698537,68.76392824092835
2023-01-18,175.02710520271225,127.64341962008412,14.087802425644858,11.52241266983133,2.937848671176872,65.72068004931207
2023-01-19,22.991809794884723,80.92284948059407,89.47354635272401,3.0266513390137124,1.1042379422191122,125.19513417707724
2023-01-20,89.7504463521741,206.21455916214452,89.85005479814562,35.91791369323126,2.525129237627925,106.18488623496177
2023-01-21,115.69772442393186,152.46321183564288,86.98922535894911,11.428199437531497,2.667331755647709,82.86288049731837
2023-01-22,71.94554500440643,182.73281680540035,19.910764814062613,29.07940242666784,1.8695086738007094,108.80458605372782
2023-01-23,33.25971861172056,250.44885128209262,110.84785639812146,31.79637043691016,2.7351339190327724,78.30830508638736
2023-01-24,132.50002741884865,135.8016032677648,47.74591281067709,5.958486037870671,1.152618398141419,87.00199234323735
2023-01-25,139.2418013787925,213.54252779653638,118.70917340053961,33.59290634541358,2.8843026636385467,124.90993762093302
2023-01-26,161.51823900727211,261.09055738938036,30.310268634136094,26.67141045768876,0.23895618874778474,124.86502852484362
2023-01-27,162.35884358023884,267.4550733330758,53.73372306750721,28.585151119878766,0.2271773303684551,98.96115804207706
2023-01-28,22.76411080020461,255.89619139084556,90.38397683179139,35.57201974040281,0.23935344133306533,43.103006603043035
2023-01-29,58.00665813551525,195.7076299745456,65.7393252131637,32.21365461984159,2.9080276925683375,26.248638802656764
2023-01-30,49.91673716546225,208.02580521645578,10.657555582817302,18.648406047804194,2.4160287657808355,59.679753706278596
2023-01-31,36.53867839869438,149.24637002603575,61.196122567713985,4.513459188063456,0.8427958650447749,113.17535212359469
2023-02-01,138.71588441683457,137.61282269882025,70.60808344125988,36.640023839064035,2.9676646686095847,103.04942376527579
2023-02-02,57.65889157938075,133.8720664067361,117.10820352465326,21.461836118099132,0.9060463771230687,79.88897009244111
2023-02-03,81.57289467031183,170.20295473359235,47.361999779679856,9.660836632501884,1.0741195029609643,117.90822183177313
2023-02-04,41.6010979150594,173.0891818051734,26.225404545220492,10.632698152879929,2.9547755956751396,73.00812528494953
2023-02-05,50.46738418902169,273.03777811666885,61.834376400875115,31.092514191073104,1.5217199185514265,107.36315377860726
2023-02-06,101.6874852448286,276.20861181711734,105.25722518998518,29.438337829358876,2.1861507294659934,111.15238257244727
2023-02-07,27.3865044612457,218.78599715301752,36.289974673107295,34.12119962617713,0.9668094677233041,79.59078850202614
2023-02-08,169.37075861849482,230.43302951368108,70.76263823851272,11.48570640788492,0.44906083638398625,134.0577941950645
2023-02-09,65.52173212978381,210.49182656791413,110.99856395514703,18.178401523631152,0.4901455948168894,32.79159971415666
2023-02-10,49.78732060223061,200.37770750832846,109.94471442382104,33.42260166949916,2.4003188325396096,57.631531592408784
2023-02-11,120.47365984082415,270.1099864068076,19.84410429113522,33.01572411000184,1.0168228032259832,107.76028138082324
2023-02-12,84.65877183207554,69.70390872299353,34.30037661032622,7.967022515508994,0.8488470230413159,66.07239640727983
2023-02-13,168.3857640125783,54.56001383841843,101.66290211119446,6.545490588901003,0.3850524339503799,95.20600599290633
2023-02-14,27.556681990237166,66.93689193758696,40.0693518308455,37.99794484645185,2.0611563074332264,122.06344119939574
2023-02-15,42.02603838003449,62.116658842694136,107.38760277547276,4.5936808684823935,2.178706136045813,90.72170657927981
2023-02-16,121.37752305828558,247.65882777877277,86.37097049141803,8.513188050236673,1.395057383966817,39.7263564999827
2023-02-17,146.15161065596516,111.82057479418604,77.73110108068147,32.37492590029673,1.7348037764547168,127.97106664859274
2023-02-18,35.80983614706403,257.4865980700554,106.42751521931726,39.37955535680677,1.6169995075531847,83.9119760495328
2023-02-19,99.99874179305641,71.86733571231498,117.23625202730776,15.482905923095462,0.3027959903952947,53.41850567405331
2023-02-20,120.02731403512851,195.7560007088348,110.48877253945767,21.267955768144887,2.9446950807509067,65.3396741787766
2023-02-21,60.00785767316552,188.67251889097778,21.59740846706963,2.9082238841985397,2.230430210599494,110.13385614226974
2023-02-22,169.31732007527904,61.97054056584146,72.48430538840245,25.52794722771724,0.8742478086828576,15.567476373136149
2023-02-23,32.732600792744066,79.91705579857462,107.98775263636313,25.954708177882388,2.612328354470443,108.9507358386258
2023-02-24,122.53165219366952,112.9553636428665,72.89537333502008,5.097475469026197,2.8683513119481474,123.37121905800387
2023-02-25,92.27532531011127,188.80097970902114,12.377379648371992,2.7650363018466733,2.9087544769960494,109.88895537398422
2023-02-26,104.48272643527362,157.57663217750888,44.46020685183667,31.057622005542175,1.3210432292770937,117.7090090181977
2023-02-27,155.0034875895888,257.5333378960371,33.264722390406995,35.37843587242034,1.0411779747145133,110.01107070140512
2023-02-28,166.5371930176867,98.81191820147944,47.30078630039331,16.473865297710297,2.8436880661015254,133.78821754206012
2023-03-01,128.30482977487003,225.54036752178135,30.991101272835703,27.12745793410413,0.26473697354798964,137.01490330626234
2023-03-02,27.269322254482926,167.5209815811742,105.91761050148504,19.68111100019791,2.179163434996671,40.87357485911029
2023-03-03,94.9184037359245,56.66710687346598,89.48754292925483,2.4705461256236854,0.9254563916505822,48.57769505479604
2023-03-04,163.25492657272036,47.308471381360846,18.10787695973158,20.02426283267278,0.8332467140101216,117.98210700892126
2023-03-05,165.15938723864426,214.60853655521066,87.05760134277197,27.76461631950122,0.4447056100851362,55.35587512038225
2023-03-06,151.18892367383714,291.9329679848198,64.5360454271858,10.245484492914121,0.7890921622984319,69.29396870594742
2023-03-07,158.5930701913948,196.5628912951502,48.01857770915648,16.862404506484385,0.31590122727536635,90.74776810036718
2023-03-08,35.364869020182894,210.73545717970407,36.0122561293805,24.003510584164776,0.6457885249316859,44.71094743578778
2023-03-09,36.06386203325491,155.50890442853708,55.44319119013407,33.48710280908678,2.892574536018958,26.048582411327228
2023-03-10,113.58079131537771,288.23520062801623,101.6710641349764,13.282366925680266,2.355393305198136,47.211994281778594
2023-03-11,58.18566529366899,238.47348113554403,102.59640817259535,11.560444895998955,1.4882422413828744,90.98944072789853
2023-03-12,172.47477569492642,68.30390869809558,100.09918378555803,21.815027395364705,1.027953827261012,40.56240586973594
2023-03-13,144.84602794112766,75.37492772238355,113.42679797816163,33.4856845956441,2.2002263439675893,73.83320555995996
2023-03-14,160.2400531867687,264.02140555206324,78.5282098480078,29.357569485248636,1.2155105007749283,113.1232413255597
2023-03-15,50.45470934406179,268.34500240322194,33.21403457826953,19.26147939762845,2.555008115887182,134.8982068095669
2023-03-16,169.10628577693006,263.77787038166844,69.86624312893218,23.357924814835968,2.120249822573685,45.8242935270687
2023-03-17,150.68671781607986,238.61360611743964,30.916012964946315,29.522716914383842,1.7292659856553565,119.21377376040861
2023-03-18,20.934416702052143,212.02498878770524,54.24065611986981,6.7560921379287695,0.8543166197723897,65.78604975986167
2023-03-19,131.86157731380993,206.1163989124053,11.362006356668475,36.524241335618456,1.7769504524398223,82.28266125369842
2023-03-20,34.884860539760005,103.79560135340962,83.0750578487645,20.566686874394748,2.09195395107132,110.5216475602844
2023-03-21,130.224249762297,166.5311226341496,84.6650837168656,37.18870844399561,2.7540601198464767,51.41343097783611
2023-03-22,139.5109549375676,47.170036579039454,42.663188009879015,24.07605325335209,0.6263239500489861,129.34886181737676
2023-03-23,31.90484602820039,121.72874116138554,85.36243579563227,38.92936545889001,1.1945752857454714,56.3468720354869
2023-03-24,164.98196097442212,289.0433225215329,30.209422207750553,15.029669088293483,0.9915878227310773,12.810802632832868
2023-03-25,159.8169210700212,228.5937752361507,32.82061026632982,29.956737696613082,1.6158448928238713,25.5961877562643
2023-03-26,157.18008857292574,153.5603000243554,95.59903424429669,39.88747284380626,2.8149864549806773,103.5128350696427
2023-03-27,116.77287762354442,163.66308381810734,35.07982014756042,5.521842317858333,1.294366833745785,93.49286437805397
2023-03-28,43.277648960017316,146.69664628380548,33.500420081127935,20.22669018984079,2.1994663137784647,68.67889955004912
2023-03-29,121.08877061207855,94.18738546393456,29.729480630605025,20.050076235103226,2.951740410198661,24.130392073414285
2023-03-30,51.96600955767332,136.2792147655797,30.85455343179114,5.684554912545305,1.3794625716030953,85.96088648737738
2023-03-31,30.924195433629134,132.3502917315463,100.59347459104097,33.45620707760228,0.6090400036567754,126.12859227254906
2023-04-01,43.48801889723431,76.77709459040362,85.45299961854407,26.192906007858987,0.990444566693288,26.314590520585167
2023-04-02,134.00395648250122,97.99634668881205,37.47006160500601,22.81397665808179,0.7502963077141316,126.85152679329248
2023-04-03,55.54493595282217,257.1755847091507,55.508390150296776,14.226198014934361,0.6338219121535349,115.26123923190528
2023-04-04,61.77745739685534,238.58748979821303,80.51570115624679,18.0056165052155,1.2013611450167723,113.46119880971992
2023-04-05,141.70411690902,223.1511957946402,41.58541286457326,2.4059980589834966,0.3996366466805673,110.98435620877558
2023-04-06,61.63471756468084,274.1082596875782,99.08353983238311,26.981990677483026,0.2157621046003032,128.04361551624274
2023-04-07,60.13848041572615,241.777236595636,61.71694466842002,4.163499574401563,0.9854946368291888,116.87593169823012
2023-04-08,119.65685250643901,65.28137494281971,73.1568086968228,7.495639171838064,0.21201606836810055,75.62398356321599
2023-04-09,85.90719934367135,103.77247499268228,67.83892514011131,35.51503508357479,2.1990546476670776,18.648243040109826
2023-04-10,76.56728035576944,81.80336518150142,29.984732410776754,26.175136315886924,0.5493074372123623,136.51269103953464
2023-04-11,25.077540170447126,228.6265894442749,50.31407931885484,24.636115963191443,0.7287963184599715,68.33869618742698
2023-04-12,127.01603385154004,96.98397488319563,40.99675382456108,31.17164251612044,0.6684396912711481,122.1749098710205
2023-04-13,31.39024862115445,213.2967646712562,106.16241441155883,20.640132936830668,1.6231690147144182,30.27753372023585
2023-04-14,54.97625150161893,140.037111441766,64.67012514848774,11.90223866727719,2.3884905727762447,108.48484867630418
2023-04-15,56.7604338452589,259.30882189628255,117.34619730827553,2.6988611587271185,0.4999063424035818,117.5648840608567
2023-04-16,59.97929153305195,210.91704926673737,26.501804424565638,35.42066427779927,2.6506032041675893,83.24118326876263
2023-04-17,95.18225761097102,145.34102261139685,76.15834136118833,12.272732177975762,0.25497498540708613,137.59407063044637
2023-04-18,174.88107913705653,134.7259223756937,75.32015603115013,24.0547013593828,1.1227313813997502,48.06393373190224
2023-04-19,100.10546221862519,280.09933363246057,33.81477768247446,30.34877688478564,0.5769361924802614,69.75070850673717
2023-04-20,51.220750782013425,241.59114235418167,104.46480185488862,31.654317012824006,1.5609814728637854,25.29059881094382
2023-04-21,158.71711541846875,262.7813907598952,74.69853644624013,27.88946484163299,1.7507550377790297,67.56451853153582
2023-04-22,145.27421001205502,138.7963966467608,51.387314973542594,30.515976299748765,2.1488605596506725,95.83338358027449
2023-04-23,171.919125942359,112.58939313689152,86.71809572943465,33.634338037703166,0.6478214537518566,10.865865343914278
2023-04-24,136.7412457735104,286.56364523640366,41.19795255592947,18.86207961418672,0.7985587702842822,20.383829396520806
2023-04-25,53.14151385499688,242.8917849611208,91.23763361102546,20.811883006029717,2.4339702734540585,139.22943406778384
2023-04-26,169.47931654475266,110.23283518741714,93.53478157779666,22.69392944656162,0.6876997980699517,107.58818375814518
2023-04-27,83.40988452120965,48.234012495105354,60.961885931189165,12.004056352177106,1.7279329908925618,66.98489439901967
2023-04-28,39.31335911573267,93.28395641714488,48.27198223336602,13.68381087665325,1.0320531710415282,82.1884040594492
2023-04-29,118.09206188340474,129.7812501866237,110.70202934100273,12.4213797309705,0.34415755782347474,36.69090525360424
2023-04-30,114.67775550539243,206.6056353432386,32.908474254708864,22.483866006554475,0.693001499661412,125.56419402307918
2023-05-01,91.48092546803534,67.87513270115801,90.96627978245745,37.74983827440242,0.6916686711206708,53.747272615639645
2023-05-02,53.105000884915285,169.98609883785002,79.08344144502395,21.2359345407638,1.2102316309859003,66.5920553517705
2023-05-03,25.52004705113159,270.6514101721936,58.43390299087478,25.64829556795962,0.891011148648249,92.82012505054017
2023-05-04,157.48548724490144,261.55824559785424,119.88571799622807,34.5940034687039,2.0395474868774457,65.81540760050976
2023-05-05,175.6182349421604,41.45357418218528,99.38781672667916,16.335211471111112,1.2503335885484206,61.21428790611761
2023-05-06,167.48954185355095,141.74822459573923,10.083761519040097,22.621615676601806,0.23359118970563683,107.99619321406688
2023-05-07,152.33006657186235,238.00825131434607,83.06973918124332,21.730885626827277,1.0972632620051437,13.162870474663825
2023-05-08,151.35199921270552,152.73123001624384,86.43494389759435,16.39352787261373,1.044418379191797,124.81965710722899
2023-05-09,109.81628823864456,282.209044589008,80.15207595242677,39.96168020985682,0.5596440541071674,68.59940837374586
2023-05-10,69.08057459901966,188.57650333985507,95.00392930422706,10.130376160032155,0.4238890601654699,57.96056879779497
2023-05-11,61.11071367265856,283.44055456425735,101.62006097344708,36.419069797910936,2.3466306249146247,24.822741704884763
2023-05-12,112.1122393412931,120.70914596206244,68.74899948504961,3.4249943360037416,2.660284524806712,75.29118747699737
2023-05-13,122.41658988880198,207.17039006497401,49.66901028124355,29.453700341390682,2.4894054156484358,73.20287429567301
2023-05-14,152.32824244153122,77.34946698058204,45.74139562832233,2.3069903670362453,0.7700966197708994,117.07179389396218
2023-05-15,67.30541976753781,135.71648536526797,76.14913777976837,13.376857892342073,0.21780564902369096,47.74653932585115
2023-05-16,54.168400672212,226.44954987153585,107.53131424801389,22.284755263760857,2.4893630630561945,89.75551725317935
2023-05-17,42.80263837088762,161.97160201990894,30.001643774509056,14.790156108704512,0.4109681022182566,46.872783063938385
2023-05-18,151.22327437287893,106.82339432290719,26.107493945832548,25.35916921626775,0.7183498793281831,137.2481558435306
2023-05-19,56.08916723180164,196.9221434208942,15.279957609485521,17.12395119576505,2.9677928164242324,84.68140546059222
2023-05-20,24.30639371627665,211.7853027197197,83.51825101055621,12.65698251253122,1.720410110669915,48.659027939848585
2023-05-21,40.85139517593993,281.831211376812,49.00895670629566,35.11667911244102,2.3333058197459655,73.4452827972571
2023-05-22,159.3491312073724,267.282187993127,18.99051427044857,12.306749651272101,2.4209890710089765,107.95387952153992
2023-05-23,151.48934095081108,290.12106713571296,72.59195554393914,3.9301840475428844,0.5697418999862223,50.12257894465164
2023-05-24,178.092589390888,194.3096149198684,104.1695298253504,21.956901636100916,0.5155321564183724,17.385898265881305
2023-05-25,172.08536065198194,286.5278950175374,56.926743277297774,29.470665417756035,2.045200385570941,54.98851469685374
2023-05-26,81.53963418657874,92.79077765635174,106.61409474268629,5.749463561516006,2.7932428414543,99.69858367934346
2023-05-27,99.20325167661966,93.82649046712358,44.96706172541673,7.118850434073107,0.25400308860645854,11.618261089080054
2023-05-28,153.83534036267665,149.0889776752274,66.49877974884826,7.543661732570353,1.5092623162852177,38.35603035830164
2023-05-29,94.57656309883993,130.8127554781526,116.84160653233674,15.132974367496333,2.959886843929816,68.66042438000267
2023-05-30,107.47787716813791,293.4422352020955,47.13804673422529,30.41203420175832,2.984850766529734,134.7749685216901
2023-05-31,75.60929066022604,182.48158355018185,57.149336767425794,15.776382418917777,0.8888346558775986,56.001655211157875
2023-06-01,26.988064242639958,288.18744256166644,41.952145020534616,39.04375655138803,0.7153391432408851,139.3877909244552
2023-06-02,124.56515805734497,180.0708156689583,50.210072819650335,12.402399225575444,1.1402001408793756,83.11151861600985
2023-06-03,170.76960771722722,268.0754985589491,90.08168836796374,26.656966958145993,0.30255264419358185,40.10744980856571
2023-06-04,84.14965827717015,67.08586087800721,89.49343178102355,38.37892977653508,1.7203526003869931,56.47339752199751
2023-06-05,56.59812259512711,189.91631476023812,37.16685075571543,32.97353169243057,2.6028056453672175,133.32959071832255
2023-06-06,172.44896359257493,159.9721063259982,103.56343765520798,18.306635558396515,2.650451980074451,65.08779240313243
2023-06-07,160.03275104317464,251.47533944267093,59.55380435689632,22.424803255780382,2.8578576464981977,16.92285886527445
2023-06-08,139.82608998217088,293.56350421725494,22.884006124470112,8.853999319518046,0.55582295192497,100.44703419207352
2023-06-09,61.27016912131262,160.62270595272378,115.68920778131944,7.0386877172344136,1.0096648319322792,137.57120615649876
2023-06-10,33.53003839856946,176.12435973991774,10.997914982865753,22.718333981601397,2.735503617874643,12.230655174088088
2023-06-11,116.35143248795998,189.18485875012598,20.062439198203556,16.55947761026912,1.2151636909565258,35.29414478806084
2023-06-12,94.29562505544763,73.41245250385302,87.8251377970652,11.881416384623561,2.08853902619471,60.90216216867505
2023-06-13,61.41013943109595,182.2707513180551,14.62864665854821,30.522873176496294,1.3547931204257508,56.98567668117156
2023-06-14,80.7253718519111,173.93695314224414,64.99705419701327,34.44675156869863,0.6473089549141009,103.64443452464609
2023-06-15,178.9144066842691,127.04311668466386,53.23770844418718,6.557555237513919,0.24839641763820053,88.68090247171311
2023-06-16,101.35222054876883,269.44494448084083,68.23688184365486,6.819562809961113,2.8489116363045683,16.083365611613775
2023-06-17,39.266968533232344,93.2475833729272,62.38681018310607,25.330190814693914,1.3519681750947765,139.21181128654823
2023-06-18,20.284431088702135,58.08552449112466,68.07364249404405,10.374581581191261,2.6211685711721593,51.18959248579538
2023-06-19,135.59457654822438,272.86038607154205,85.6885412200354,36.09058241857955,0.7565889876085958,18.90388801354763
2023-06-20,134.70189206289172,165.65709355249405,31.660158452411164,38.340712167983376,1.7738018028314535,34.26561259959569
2023-06-21,64.24375635531986,84.25981630824153,76.73490549829157,32.78434293167561,1.3640183519948486,95.7609320898404
2023-06-22,37.4704350912087,206.6436474823744,81.8785304979477,16.598339184319435,1.6492502892411731,14.720032153082531
2023-06-23,80.80800584536274,174.82728451090827,101.21966910324768,14.067646332031874,2.785817761382288,49.880332186833286
2023-06-24,93.1637655175958,280.20897426744324,50.93427503939126,34.41222533016453,1.7148739939859918,81.26258138841041
2023-06-25,107.51307325479472,82.82164513219323,27.799583438134057,15.648125102527306,0.9623292453261922,120.88525734665131
2023-06-26,173.4197555955012,56.56025945192795,37.882196229162346,22.781769739515354,2.9408570517897363,69.96889850631321
2023-06-27,153.5007312818134,178.62530351113338,97.72729975364308,37.14550630048464,1.5543180259636211,18.31529932574798
2023-06-28,27.51825910611064,251.83581060509806,19.175625289225966,17.667454832473325,1.4193921756628223,60.1462346018562
2023-06-29,159.95236077346482,115.35705256385563,103.1380320744364,5.35002334739534,2.8528327478208797,39.70172351600641
2023-06-30,100.53381162244045,45.50239014994125,80.13495903873222,15.39104177254429,0.6534246984613448,107.3413724484093
2023-07-01,109.5269699207091,165.4837580834722,52.520121179382556,18.999980243873612,0.2392922922408358,71.47634942027956
2023-07-02,57.71367479671328,133.3206954274751,44.7665470570983,29.8149418620014,0.7259112737166138,79.97329846568802
2023-07-03,100.03746706236576,85.06171352074008,67.32474878010494,29.44651433071049,2.10284410401112,64.6874845076164
2023-07-04,49.38671123044388,220.79093163183353,104.49871726820632,6.316690061886131,1.560113745741885,98.95453800636687
2023-07-05,41.446347842926734,288.0072329898764,84.41178438687211,39.10181955713795,2.04045199226397,93.4483528896792
2023-07-06,25.973112771575124,174.2200552119448,41.655813449572555,2.8737373727743662,0.9474052117815415,16.455402460109276
2023-07-07,30.91760533248312,127.18114892789976,46.98549958378132,3.4197138414654953,2.701204814256192,65.61104662646287
2023-07-08,34.303373022649026,287.9151761762606,101.4723880999323,37.98435148504157,1.3350209713559966,138.20549885003803
2023-07-09,111.99278849129668,290.920355484586,35.10564390406827,8.114928426175723,1.5167384887386517,138.6200297981954
2023-07-10,127.70759670241122,64.54796091034692,103.82713241672894,3.8913408496427166,2.442143850830172,59.753252742337644
2023-07-11,68.31001625355499,206.72869120807604,25.20161228124649,4.945368701656565,1.5570361882862447,95.76824842045946
2023-07-12,46.301353316257675,299.67241412638674,24.82768996667216,31.108093577740036,2.698572336933171,33.18315014339244
2023-07-13,127.33783210608664,177.4633983609308,21.638938187508288,15.779266292233043,2.953992825276209,106.2484477394762
2023-07-14,36.60471907849061,267.8421889521011,95.06746071738253,32.00964155155529,1.2555154686465946,117.67486051770054
2023-07-15,151.76278928536493,286.30645596616614,110.0150770903761,31.173300898827932,1.245767139097411,101.70644846935798
2023-07-16,97.75621012520459,59.01316420327158,64.0191593136934,25.40051754050214,2.2005238028776772,127.29663169843417
2023-07-17,39.17717677538299,126.07933975083213,76.50214181930603,36.270463395613916,2.5013033128535738,12.911094023499206
2023-07-18,30.672885947237223,105.53211385690847,16.474836559453585,13.68250133842283,1.8702233017069774,68.92012125041504
2023-07-19,27.875905670253616,283.2041387842088,28.698169241148214,9.003857710144736,2.9646028530538504,103.62408416930374
2023-07-20,141.91677313146636,177.43705010966838,29.043303474872012,2.7380225638139475,1.9983207551691373,57.93684582644514
2023-07-21,134.1410979615667,157.83328434978267,101.20246115818337,25.87155805500118,0.9692790852775748,135.78854226316778
2023-07-22,134.09449002716963,134.71998486495,91.96564610931594,36.631721882673,1.5743035834133121,79.09995600800903
2023-07-23,45.35207682998944,270.82197367040163,103.76962516960349,37.958836964044124,2.5835160099230183,80.10119714396802
2023-07-24,21.65029053308615,242.80354453454248,55.09534718166433,39.291523562696746,0.2951629544427484,139.79746071559777
2023-07-25,154.02167012081495,103.67422628150317,64.01663534712273,35.34833094000223,0.421045046348957,114.6795171856396
2023-07-26,179.37081992392353,74.00094604249843,92.78298111323825,29.455965248640503,2.1619367650277197,33.92967084224867
2023-07-27,57.008455174925814,134.49436051942962,118.79627472677697,25.818676725037044,2.7351500157330517,107.68689836555899
2023-07-28,75.1514831672145,43.00322304789479,14.668415949943242,14.752469875926339,0.8509001566259231,11.014664618309087
2023-07-29,28.709096134426808,85.8258854522889,55.98075040078047,17.023404997375508,1.6976538447879992,68.60221585951561
2023-07-30,143.83666536904002,220.79389801235322,45.43135446378005,24.282733872510597,1.9092733346043052,109.89363575617742
2023-07-31,109.18325660938252,248.13502717802442,27.735794732368294,37.473418649424936,0.6587196452278234,51.39843556309409
2023-08-01,86.25941949022122,171.46540245822422,63.7919791325748,31.488134563701152,2.949766624119925,72.97284507653156
2023-08-02,142.96485172509873,277.60184557805616,64.81375719327312,39.879711572313354,0.5915788895991063,101.77820167789288
2023-08-03,126.31602135077131,188.34633510987973,74.82404750911662,2.828977634384587,2.3714653731173745,119.74615753708596
2023-08-04,100.53215314016083,96.83509664384033,11.254091088113292,3.049085899130562,1.3029116709582695,90.19071150738849
2023-08-05,28.043187737781476,119.43766523519689,97.78546938541547,17.624306362689772,0.6110835323575379,53.64575639838728
2023-08-06,137.2134367119422,286.1136399040506,27.446753139913966,20.73462347566119,1.4002544351472068,87.83949825786458
2023-08-07,138.4482803623289,212.59907501885053,90.11050780878506,26.64132593735404,1.0391365763136866,55.57557842883283
2023-08-08,54.93504156468647,265.0156149059989,16.04098210910673,36.07943789691277,0.7353772489409265,20.40996150568092
2023-08-09,150.64459700943013,107.70620029592408,11.933443872858774,19.62853617197464,2.3962943357433386,22.026929827944144
2023-08-10,101.6025849069716,106.66530739671273,65.26019805542366,26.943856765982027,2.1047319211270348,61.69334607423082
2023-08-11,65.88444666813906,98.43811487019008,118.4544640179394,20.16687137419937,2.2680825354304495,96.12799628186137
2023-08-12,119.9186536567015,234.86703358427238,21.95654443790751,6.998217455906179,0.8239666956202327,41.97369142065674
2023-08-13,35.70477455776468,271.9414754786445,83.49712819168089,39.00871405688649,2.6345373679065025,40.73007371014505
2023-08-14,92.71980199929445,40.96522838396619,92.84324658589689,5.842672301345612,2.8552917801604756,94.56509309826492
2023-08-15,89.78243333666212,82.26488865184893,19.328380240787986,14.742699649813115,0.37651086662744293,68.52923588997706
2023-08-16,41.7437809007948,162.05532675315655,11.758421919443432,34.81016170938516,2.6562464268582375,62.00728242414848
2023-08-17,137.2552821640957,267.20989686737846,54.265597775308095,31.783177817073604,2.7448829456639254,68.55582670113608
2023-08-18,156.31469054189387,287.9762282666304,18.727926328098867,14.621541880605163,2.8061029581894252,98.07077794587913
2023-08-19,145.43165330524278,162.28618794491248,56.44672339066022,22.718621136194518,1.938453376005605,134.37882018032803
2023-08-20,141.67520738385804,155.52145202088394,36.440817223277634,25.424481214211298,1.5900906695041752,68.96963261111716
2023-08-21,124.84797006720646,264.12542816501775,26.063485465685257,3.98084987117797,0.7505182814657649,71.986251395665
2023-08-22,165.71501073103687,150.58523312289051,47.8813060559424,23.969552999153343,1.963531768959471,30.414532248164587
2023-08-23,115.38568261603741,236.80432769527272,64.93065548736772,39.48906162265345,2.379363520624746,58.021573840230744
2023-08-24,140.51356190089473,245.71116980655404,101.39590940812803,13.740509504446706,0.6383691021871971,110.69833080996848
2023-08-25,75.88137136347459,218.5723560941967,57.9848963411299,21.18350559961963,1.2888392794614167,89.86209629046904
2023-08-26,61.83224144357341,188.18697296440368,86.71977442581807,11.99455687099844,2.4431458251528935,24.971461517028214
2023-08-27,129.61292448585806,159.66113417704352,66.13862345368275,22.66929631239702,2.5068496468455677,126.48500526612132
2023-08-28,68.50763358672772,124.3554509097811,31.906828280341475,20.663261848869073,2.0525342296718083,10.41511700818305
2023-08-29,174.35616741994454,221.59590270879698,55.2695421400426,21.420723241020006,0.6522746172114733,62.48366638460037
2023-08-30,33.37978452285134,75.30764464967473,104.8799400207149,25.24344075287374,2.583448738402606,58.07615528819593
2023-08-31,109.81622205005054,154.95127123674507,51.69146368805103,29.0793777112867,0.3257966853697122,109.43332205962632
2023-09-01,24.80197766134438,213.31649192836662,25.480564422578944,28.107571888185145,2.4187886787344666,49.912019963530064
2023-09-02,56.67923782096491,59.49957139699456,119.04668395641305,33.81236710244275,1.8370978862387866,68.14743773412602
2023-09-03,47.5899533711228,49.931915941092264,62.2008822495855,23.32880255966817,1.3756792737904546,121.15413114293023
2023-09-04,131.43164208215566,71.58656056730925,111.00965482186272,27.962948761071594,2.05830844082879,43.33430848758046
2023-09-05,129.3886520500629,85.34034553227855,75.56130171539355,22.969933946598548,0.9935509255389137,128.8931580867474
2023-09-06,157.92798485375133,88.40651681493698,63.33051657026465,20.14768568012503,0.6747186925396131,74.33758639828419
2023-09-07,27.973566473546203,69.70298132009134,60.45586181173089,18.99621219281039,0.33198165032092736,59.0912231585046
2023-09-08,158.99778043013657,42.3275165353106,104.52507343946321,12.546392347804344,2.206236310465215,29.81925923738274
2023-09-09,161.16923767140736,76.21362314847897,109.9241692660324,21.61240572839109,2.0034123605482272,66.3278716728346
2023-09-10,93.68657152215084,207.9971816644638,44.20347478007476,20.436016778144687,2.4177231821969842,28.02727238534645
2023-09-11,26.7169746897007,227.286411451622,95.17726814745357,36.78405221148753,2.783860103320085,62.011216078869985
2023-09-12,41.860720635785995,43.71211240444438,37.459453547139084,12.526563632247523,0.25620164362867986,134.56356694480644
2023-09-13,127.475219831108,268.57187624427786,69.89961450947361,33.52682234483547,1.8422841355837938,110.3956409256851
2023-09-14,24.124996488361337,181.51843993678065,14.555181961492611,39.147998599634725,0.5940693726878319,57.5021530484736
2023-09-15,100.59382979157327,231.69062627661256,33.77042189200349,4.76423972419857,0.7130941987806445,106.37380140585731
2023-09-16,165.5707432912157,91.468415128572,49.11430551562499,37.07494152634383,0.5206236864679543,110.9420679145195
2023-09-17,141.08220721471184,194.05426983676276,118.20889817364882,8.047099697955108,2.636652963396205,58.3055340560945
2023-09-18,33.58806451482561,190.84373677631686,42.239311469927024,33.54548827629899,0.20290220934127073,101.82628133460308
2023-09-19,123.00127478042212,241.74576559173633,100.27596128403975,27.95579437841011,0.9807300262006118,47.547335758134714
2023-09-20,58.12679813922404,138.89637120170164,49.48223840870156,19.22766767950503,0.8215580728726253,126.72984690124886
2023-09-21,113.74677185596505,50.65845290569333,47.435568778994266,35.30245681983498,0.831824614706995,94.17809124741353
2023-09-22,122.49055079230949,277.9983453880397,26.057647301396106,7.145874457692022,1.2449430441146652,17.33929390497532
2023-09-23,143.74151950532277,132.81870099799664,75.11234789043138,36.36730185016977,2.1554660255161884,44.01705263925765
2023-09-24,113.02840995152755,43.017814195575156,67.63557456726258,18.835931167460483,2.473563451799457,138.60667507976257
2023-09-25,167.3735948607211,293.0113014235467,12.141545303001994,19.50968804301619,2.3921648422319546,128.58079221960799
2023-09-26,109.53750335387639,194.42879720856968,82.09320991510081,24.667419285409927,2.3989756983073462,113.23100981543374
2023-09-27,143.1391680836648,269.73394226871176,27.849398761192795,25.898748572251566,0.23012991120339002,29.799105718755904
2023-09-28,91.73971032900906,233.2164662430788,43.05655270581355,35.55866823194472,2.425646299495199,16.133428356846853
2023-09-29,35.799556600556514,74.31947629354104,28.80722460018511,16.841599032553553,1.2602776437756704,129.17684986516906
2023-09-30,141.563510468537,166.32094239322714,68.12819655249646,9.972306786973363,2.23498829917078,74.40596763241491
2023-10-01,41.63658608421498,231.10348769687053,65.55630884869302,15.419030978100498,2.697555868080778,88.89585798374988
2023-10-02,20.440674721510863,57.43608731956862,69.42888235599769,6.254060167831838,0.5817363421829895,99.76784916304874
2023-10-03,59.984339368910696,147.15093104623145,38.378040062135675,32.22992447089466,2.8668810301629812,120.774352017423
2023-10-04,60.76985338706727,241.83410408596083,66.53576856066712,24.95258079528471,1.5817457119670963,67.81764313248445
2023-10-05,61.59728082263021,44.38170314103452,92.97308535033235,24.00787149052831,2.704110794610387,50.790553359679826
2023-10-06,175.35127700764428,245.09817086158594,93.92159313053777,18.000713325835495,1.8511945886435812,44.952808270563324
2023-10-07,140.48075844882516,249.37444451162588,66.32684553937119,10.835570373602614,1.2272159319853821,48.15481414938309
2023-10-08,143.80788140122385,138.4077201567185,119.42435050713449,21.631909975408927,0.5966984441934793,84.61701880309178
2023-10-09,174.70167418352887,87.5932814484421,92.12533976430085,4.421473630531814,0.8714066534651859,29.0448723714846
2023-10-10,145.0977423932176,232.76471853509042,57.05492936713486,3.9041040188738725,2.549879697015012,18.475864306986438
2023-10-11,154.30139256100816,227.25484250449597,103.48834775710105,27.593441331077145,2.5554281211727368,89.01292549666357
2023-10-12,145.20042467884036,42.56179489728513,21.790470679494,39.41700895229378,0.6382068247060911,55.54326433585761
2023-10-13,154.9527342864484,237.46654153698816,102.57035274710493,28.293315344250132,0.9307673078032996,98.50515086587585
2023-10-14,110.19005177034842,220.91914227159936,42.509568043351926,21.22508772254129,0.9172336551779898,38.16854766835024
2023-10-15,100.44942271808017,136.65472700398445,57.61752760916031,12.812996336902097,0.9337926052875936,52.88860492455955
2023-10-16,124.10249592344037,139.16394580387237,82.23931272080092,37.57140517407452,1.7957404522864493,10.7008363447079
2023-10-17,74.69794450638793,99.46230717941158,107.1358013143925,11.847027912272404,2.7027677267733967,115.42766477755436
2023-10-18,138.8262600196138,282.00257598498945,117.85150300857772,24.389407585095718,0.6711160620946877,103.28197683066918
2023-10-19,157.310647584048,286.80059973502614,29.34989296004863,6.303213946228867,0.9963355273245458,40.25203149239887
2023-10-20,71.4038098327018,139.886526913177,35.89332520318381,29.841866533338763,2.758837238896547,78.83563107566627
2023-10-21,110.62594994453035,238.66888033723575,71.48566670421363,2.462460016579181,1.0036141130851737,106.55538857422974
2023-10-22,57.46642618064874,105.23323240146867,112.44421805047573,27.18053120195558,2.550310674957628,110.94444304442568
2023-10-23,141.33014910337457,92.38734300977288,80.03666079544661,27.829035705510037,0.9550606297568802,123.96887352382497
2023-10-24,94.66413757331465,204.92583578827012,39.90287813741119,30.810609283614294,0.9797799510093692,68.00639788096782
2023-10-25,61.78537701232011,220.67950519337538,105.96332698493876,7.546332886224037,0.342098140030639,51.46363543906986
2023-10-26,122.89286562562623,174.49135921994787,46.80850540848736,37.55573111577814,0.6508860123130342,40.07055639819501
2023-10-27,98.83600997624913,126.14580564473287,14.437961467079909,23.02842970381994,2.025010056812844,55.823740978799066
2023-10-28,158.0933459476913,157.7870710139332,118.77053922423528,34.910211974790855,2.931007426485264,120.15433339705623
2023-10-29,61.24714499338996,95.23720150819543,98.82757707224097,5.0296692085931625,0.84136290284011,64.66889259691959
2023-10-30,48.98400968730124,196.73380495053408,61.35482188022179,26.129287447110944,2.2942075317829143,28.15205145688411
2023-10-31,22.64308940380179,94.56542034586565,57.67241695796805,13.575949181360055,1.5179164354595038,64.4634698910973
2023-11-01,100.01898576496671,88.69276015545614,50.01117778520822,29.61340945133689,2.9299770184721297,52.231299710671735
2023-11-02,122.45799384265494,92.85813205978998,65.68425123058041,17.568971247889685,1.9634908721227768,72.64322962820043
2023-11-03,99.79036211287165,90.24030128688361,110.3978010555641,27.03073316044298,0.6215737266862529,82.35866747466292
2023-11-04,82.52446734399116,283.0891525409585,17.517029470518395,14.266685897674027,1.5000819606436648,52.4489785955465
2023-11-05,90.9009170093954,266.5297737501643,51.118940557353774,35.808910805828525,2.779091549762467,45.661095600417596
2023-11-06,124.99515750482026,107.77934102383458,40.45356799936999,39.90620052200303,0.8293270694434678,86.00597337365663
2023-11-07,32.707099541227166,83.1041328658909,104.85903167651709,25.597839202844266,0.8597596698424714,121.33297686975214
2023-11-08,148.45402778355609,229.2360593968004,73.92822761576504,29.36883696553532,0.425682556950573,91.2824325706581
2023-11-09,176.80048620381848,143.39876821072517,61.666874891120585,8.115363468256813,1.494255621096344,53.2129928973688
2023-11-10,24.46177183383984,51.76300651843226,111.77024055235326,31.75590435449141,2.340418805563226,131.68799305227225
2023-11-11,173.45666425019613,134.97227241296667,116.54160342962129,9.711689853974299,2.182857696672046,15.21645840035206
2023-11-12,30.94345623866662,146.81012136558437,87.37546825081594,5.673012726973328,1.9064024248232851,56.583158593930015
2023-11-13,130.21725232067834,262.8749646852656,89.5978373789468,34.90084190332777,1.3460954541781593,49.201633449269465
2023-11-14,149.38394651077598,249.6579622831494,32.52711768907304,29.862356012225437,2.461159207714351,66.38840955897292
2023-11-15,177.01721332708857,137.58067015015774,18.049631359931894,26.34310529242248,1.3820063140051544,125.40284859899778
2023-11-16,131.81009092221467,185.60023637724308,64.63663886778545,20.721976549398597,0.3086415973950693,68.84393627346944
2023-11-17,137.8317307992691,145.0947742438701,93.40689216450866,33.209078595563334,2.0208982292510886,105.9004446274231
2023-11-18,115.20875865988307,219.6510858130452,28.906713839020117,12.787802856892927,2.9358874816835785,23.54400681182742
2023-11-19,75.61183036458617,279.7392455529917,32.790412171648626,22.365865488121578,0.36230571221828517,122.38447617518926
2023-11-20,116.72930281716614,59.33080020649627,118.07778482992669,28.780060887486464,2.1229544169850425,54.92898307757731
2023-11-21,106.41577250756745,189.5296709951031,79.64218572532619,14.972715405389106,2.0351659524617456,91.91797482930761
2023-11-22,92.71437923276602,279.3271949819681,37.29113510427494,8.555377554387828,1.7036503386487984,36.269610331653766
2023-11-23,77.87343486697607,176.92990387462993,57.72962881709667,4.111021930618606,0.911858012909811,118.82195766253523
2023-11-24,94.84189314943546,260.0048308617079,39.123489294787376,7.455257364889014,0.7400328959633424,67.85751228200064
2023-11-25,149.46265226047592,82.91892446948822,81.39194047307701,22.405766232160254,0.7459224480047422,24.224673166491566
2023-11-26,165.1896212894602,173.65178719349205,78.89041932152443,38.444312997809455,1.7337591006392965,92.87912818727656
2023-11-27,170.209321002805,165.38255683280485,29.497373066369576,35.26805615195944,2.7766468366472576,123.30773618121789
2023-11-28,31.470412233870046,218.21683080647816,12.8663165290164,6.041856439172232,0.9403177723253509,85.1659439000128
2023-11-29,126.10436823892587,137.06101817228506,79.10120822530348,39.963913104181415,2.0357430252449746,113.62298268213132
2023-11-30,42.442180569088634,279.54229716788944,36.44109792182861,6.273912888035297,2.791184639655401,128.5124307542213
2023-12-01,35.82163264455163,276.4454955459688,53.637421230199784,25.641793489945492,0.8011541113097407,72.07049610710553
2023-12-02,66.20934874970584,161.6898324770151,74.88122522016118,23.946054972408824,2.868484026814919,72.35788829341382
2023-12-03,174.15843137561237,175.55772885558187,102.25817436250892,34.43739762085444,0.2444903518000043,84.24080038751617
2023-12-04,48.3391254410987,149.2125890293928,110.66009873402218,23.552318186905758,1.5127980136928771,31.81405506976369
2023-12-05,63.953564118937756,268.53856423241376,89.86824592786475,34.73766530825986,1.0973938160374408,125.2661189170104
2023-12-06,81.83826041071933,133.3146616294746,14.594663983591934,7.154559355648809,2.92442954599547,86.62045432376239
2023-12-07,20.596991672638065,131.48911703499775,64.00115585886982,6.6785777736708685,0.9622304409120765,22.394508781685722
2023-12-08,36.582253302932614,298.35305656197573,30.08527901613849,15.46638860301416,2.584947873674951,124.31236081400475
2023-12-09,164.24091946704687,299.78096515071456,84.7335543939948,12.580756340056334,1.9434377638749127,18.603817448353325
2023-12-10,80.4978040114984,168.05983369401446,19.07169886604575,12.66991476916281,2.1165074068120346,127.97871304263138
2023-12-11,96.41735846374411,133.12281134604626,67.00252970569815,20.239285132458665,0.2552811815943351,24.991866066379036
2023-12-12,116.32865327681097,250.44264297306827,45.28878113867553,35.51436964830767,1.281061116505266,11.889869703016387
2023-12-13,150.37757550981962,58.14686946331858,80.12734626032312,39.701620185092374,0.7492010312463655,133.3151035534921
2023-12-14,66.49377436163971,192.42444273632415,47.80760982093539,4.173847443987817,0.6890437111090024,124.65013239484827
2023-12-15,24.431253457025814,62.23391930874004,73.58219621783805,22.316810923241395,0.9010065648625485,120.28622834224878
2023-12-16,128.03035792742196,63.14242130964843,96.66488589803733,35.909708227980126,1.4817384826161395,83.09411557328652
2023-12-17,54.005674361581896,267.05273495223173,107.39530454398304,32.15672465906158,2.7639945982543654,34.227406526773365
2023-12-18,132.7452603010783,189.11595975535693,110.79434969851854,23.838784501801694,0.9810841552393899,66.30141840952416
2023-12-19,75.73382989431316,132.61410132043642,47.52699286058569,22.25263413050853,1.1137621145650685,24.21047008128798
2023-12-20,155.27321707141428,120.56150373809756,41.981011658639716,11.572007851163953,0.8004750457433931,133.84450514531912
2023-12-21,175.01885101404804,195.2191273363454,12.406621739260615,32.8625677459404,0.6194452527417271,17.888745588744094
2023-12-22,158.35138637968825,84.91617360411784,115.89634511362064,15.668627192028936,1.4869997845693224,22.255572081118093
2023-12-23,35.43534884954467,260.97940168655975,17.209367557457284,2.167396436745015,2.4246941265468194,49.56528880703586
2023-12-24,37.85522220298482,98.97992358594769,62.16896000703601,28.62406989799663,1.2069825421517666,47.03714609587743
2023-12-25,64.39775501240548,150.65872666154024,32.101322884080766,3.093301738952536,0.7866603247223822,70.58900540055467
2023-12-26,153.42350782395204,153.65449605574415,52.717929871752375,36.54547646419022,1.1508563893420556,125.61481270645815
2023-12-27,129.1411055336632,296.241945093434,53.22655783259654,7.930463734830454,2.203086389512026,121.25945520394875
2023-12-28,97.71394585000776,95.50580703530832,102.10607362585546,7.294237567532415,0.45421265771055985,46.14004494368989
2023-12-29,95.9548832250624,129.59632273438297,58.64241652237773,29.98475186799726,1.3533825618058821,138.5075072861639
2023-12-30,41.516491279884406,124.46300257896843,56.518678460489184,22.022768547374667,1.947072229740324,127.02396720985476
2023-12-31,33.95930651967754,282.35833457175664,24.254164287610834,6.522275797814972,1.905314462480994,92.87469530485242
